Date,Log_Return_EMA3,Volume,OBV,ATR_14,RSI_14,Volume_Z_Score,Dist_52W_High,Dist_52W_Low,Label
2022-06-08,0.003041,872790.00,-6054286.00,0.60,47.56,-0.3218,-0.3767,0.5920,BEAR_MARKET
2022-06-09,-0.102070,3129838.00,-9184124.00,0.68,36.13,3.0051,-0.4933,0.2941,BEAR_MARKET
2022-06-10,-0.082816,3623229.00,-12807353.00,0.69,33.80,3.2463,-0.5245,0.2144,BEAR_MARKET
2022-06-13,-0.104615,2700296.00,-15507649.00,0.72,30.01,1.9065,-0.5810,0.0702,BEAR_MARKET
2022-06-14,-0.047894,2166254.00,-13341395.00,0.69,30.56,1.1902,-0.5773,0.0797,BEAR_MARKET
2022-06-15,-0.023069,2445543.00,-10895852.00,0.70,30.68,1.4702,-0.5765,0.0816,BEAR_MARKET
2022-06-16,-0.057438,1291929.00,-12187781.00,0.70,28.12,0.0274,-0.6137,0.0156,BEAR_MARKET
2022-06-17,-0.022983,1810994.00,-10376787.00,0.69,28.89,0.6682,-0.6092,0.0273,BEAR_MARKET
2022-06-21,-0.034842,1507977.00,-11884764.00,0.69,27.61,0.2987,-0.6270,0.0020,BEAR_MARKET
2022-06-22,-0.035679,1277237.00,-13162001.00,0.68,26.67,-0.0001,-0.6404,0.0083,BEAR_MARKET
2022-06-23,0.003397,3942032.00,-9219969.00,0.61,29.70,2.9571,-0.6248,0.0543,BEAR_MARKET
2022-06-24,0.049804,6631148.00,-2588821.00,0.65,36.55,4.5083,-0.5869,0.1608,BEAR_MARKET
2022-06-27,-0.022214,1171206.00,-3760027.00,0.62,33.14,-0.2443,-0.6241,0.0564,BEAR_MARKET
2022-06-28,-0.040617,1044774.00,-4804801.00,0.60,31.32,-0.3634,-0.6456,0.0042,BEAR_MARKET
2022-06-29,-0.050555,1375255.00,-6180056.00,0.60,29.62,-0.0698,-0.6664,0.0170,BEAR_MARKET
2022-06-30,-0.021948,1600121.00,-4579935.00,0.51,30.06,0.1133,-0.6642,0.0788,BEAR_MARKET
2022-07-01,-0.039423,1254713.00,-5834648.00,0.47,28.47,-0.1949,-0.6828,0.0191,BEAR_MARKET
2022-07-05,0.015331,1102430.00,-4732218.00,0.44,33.18,-0.3344,-0.6597,0.1198,BEAR_MARKET
2022-07-06,0.003280,785659.00,-5517877.00,0.43,32.88,-0.6179,-0.6627,0.1100,BEAR_MARKET
2022-07-07,0.020020,799833.00,-4718044.00,0.41,35.56,-0.6144,-0.6501,0.1516,BEAR_MARKET
2022-07-08,0.030803,1029380.00,-3688664.00,0.40,38.65,-0.4188,-0.6352,0.2005,BEAR_MARKET
2022-07-11,-0.006454,596442.00,-4285106.00,0.41,36.66,-0.8081,-0.6508,0.1491,BEAR_MARKET
2022-07-12,-0.031681,1616302.00,-5901408.00,0.41,34.30,0.0816,-0.6701,0.0856,BEAR_MARKET
2022-07-13,0.005111,1155506.00,-4745902.00,0.42,37.47,-0.3489,-0.6560,0.1320,BEAR_MARKET
2022-07-14,-0.022921,1353638.00,-6099540.00,0.43,35.25,-0.1760,-0.6731,0.0758,BEAR_MARKET
2022-07-15,-0.000224,937790.00,-5161750.00,0.39,37.00,-0.5525,-0.6657,0.1002,BEAR_MARKET
2022-07-18,0.023754,1293613.00,-3868137.00,0.38,40.78,-0.2316,-0.6493,0.1540,BEAR_MARKET
2022-07-19,0.027519,703499.00,-3164638.00,0.36,43.27,-0.7475,-0.6382,0.1907,BEAR_MARKET
2022-07-20,0.070021,994307.00,-2170331.00,0.39,51.75,-0.4516,-0.5951,0.3325,BEAR_MARKET
2022-07-21,0.043200,744044.00,-1426287.00,0.38,52.92,-0.6804,-0.5884,0.3545,BEAR_MARKET
2022-07-22,-0.004332,686174.00,-2112461.00,0.39,48.93,-0.7130,-0.6092,0.2861,BEAR_MARKET
2022-07-25,0.002564,571192.00,-1541269.00,0.37,49.66,-0.7993,-0.6055,0.2983,BEAR_MARKET
2022-07-26,-0.047127,569014.00,-2110283.00,0.39,43.15,-0.7717,-0.6419,0.1785,BEAR_MARKET
2022-07-27,0.022959,624207.00,-1486076.00,0.41,49.93,-0.7018,-0.6070,0.2934,BEAR_MARKET
2022-07-28,0.000007,482203.00,-1968279.00,0.40,48.35,-0.8299,-0.6159,0.2641,BEAR_MARKET
2022-07-29,0.017115,1024705.00,-943574.00,0.41,50.87,-0.3148,-0.6025,0.3081,BEAR_MARKET
2022-08-01,0.022383,967975.00,24401.00,0.42,52.93,-0.3619,-0.5914,0.3447,BEAR_MARKET
2022-08-02,0.012100,1071750.00,1096151.00,0.41,53.07,-0.2710,-0.5906,0.3472,BEAR_MARKET
2022-08-03,0.066653,1286658.00,2382809.00,0.44,61.83,-0.0825,-0.5379,0.5208,BULL_MARKET
2022-08-04,0.070495,3509887.00,5892696.00,0.50,66.40,1.8999,-0.5022,0.6381,BULL_MARKET
2022-08-05,0.049229,1404291.00,7296987.00,0.54,68.03,-0.0317,-0.4881,0.6846,BULL_MARKET
2022-08-08,0.033248,1561990.00,8858977.00,0.54,69.06,0.0968,-0.4792,0.7139,BULL_MARKET
2022-08-09,-0.011242,2102558.00,6756419.00,0.52,62.27,0.5677,-0.5074,0.6210,BULL_MARKET
2022-08-10,0.027919,2133326.00,8889745.00,0.54,66.55,0.5713,-0.4733,0.7335,BULL_MARKET
2022-08-11,0.018872,915184.00,9804929.00,0.54,67.17,-0.5515,-0.4681,0.7506,BULL_MARKET
2022-08-12,0.037938,1296721.00,11101650.00,0.56,70.63,-0.1994,-0.4368,0.8533,BULL_MARKET
2022-08-15,-0.010931,936179.00,10165471.00,0.58,63.11,-0.5243,-0.4695,0.7457,BULL_MARKET
2022-08-16,0.009028,948372.00,11113843.00,0.57,65.03,-0.5244,-0.4539,0.7971,BULL_MARKET
2022-08-17,-0.011382,938019.00,10175824.00,0.58,61.28,-0.5285,-0.4710,0.7408,BULL_MARKET
2022-08-18,-0.016337,1064169.00,9111655.00,0.56,58.89,-0.4034,-0.4822,0.7042,BULL_MARKET
2022-08-19,-0.046162,1014485.00,8097170.00,0.56,51.55,-0.4525,-0.5201,0.5795,BULL_MARKET
2022-08-22,-0.035621,676880.00,7420290.00,0.55,49.46,-0.7324,-0.5319,0.5403,BULL_MARKET
2022-08-23,-0.013858,833663.00,8253953.00,0.52,50.14,-0.5547,-0.5282,0.5526,BULL_MARKET
2022-08-24,0.000884,1006124.00,9260077.00,0.46,51.54,-0.3578,-0.5208,0.5770,BULL_MARKET
2022-08-25,0.026863,2190375.00,11450452.00,0.44,56.18,0.8216,-0.4948,0.6626,BULL_MARKET
2022-08-26,-0.010669,1836001.00,9614451.00,0.46,51.34,0.4853,-0.5186,0.5844,BULL_MARKET
2022-08-29,0.026790,1533380.00,11147831.00,0.47,56.74,0.1761,-0.4866,0.6895,BULL_MARKET
2022-08-30,0.018435,1712034.00,12859865.00,0.46,57.56,0.3580,-0.4814,0.7066,BULL_MARKET
2022-08-31,0.010648,3832758.00,16692623.00,0.44,57.81,2.3089,-0.4799,0.7115,BULL_MARKET
2022-09-01,-0.048151,2159413.00,14533210.00,0.47,47.27,0.6988,-0.5327,0.5379,BULL_MARKET
2022-09-02,-0.016189,1250581.00,15783791.00,0.45,48.69,-0.1167,-0.5253,0.5623,BULL_MARKET
2022-09-06,0.037494,2079677.00,17863468.00,0.46,56.40,1.2171,-0.4799,0.7115,BULL_MARKET
2022-09-07,0.019461,1293754.00,19157222.00,0.45,56.51,0.0238,-0.4792,0.7139,BULL_MARKET
2022-09-08,0.039497,1260468.00,20417690.00,0.48,61.26,-0.0331,-0.4473,0.8191,BULL_MARKET
2022-09-09,0.034319,1656015.00,22073705.00,0.46,63.46,0.5563,-0.4309,0.8729,BULL_MARKET
2022-09-12,0.032585,1377836.00,23451541.00,0.47,65.74,0.1429,-0.4131,0.9315,BULL_MARKET
2022-09-13,0.004120,1543609.00,21907932.00,0.50,62.41,0.3846,-0.4272,0.8851,BULL_MARKET
2022-09-14,0.007221,1134668.00,23042600.00,0.49,63.26,-0.2348,-0.4212,0.9046,BULL_MARKET
2022-09-15,-0.048428,1968370.00,21074230.00,0.52,51.33,0.9864,-0.4785,0.7164,BULL_MARKET
2022-09-16,-0.045308,16505532.00,4568698.00,0.51,47.68,6.6854,-0.5000,0.6455,BULL_MARKET
2022-09-19,-0.033924,1002269.00,3566429.00,0.48,45.87,-0.2808,-0.5111,0.6088,BULL_MARKET
2022-09-20,-0.032395,793707.00,2772722.00,0.48,43.49,-0.3765,-0.5260,0.5599,BULL_MARKET
2022-09-21,-0.008422,1309407.00,4082129.00,0.50,45.03,-0.1419,-0.5186,0.5844,BULL_MARKET
2022-09-22,-0.029533,1478880.00,2603249.00,0.48,41.17,-0.0686,-0.5423,0.5061,BEAR_MARKET
2022-09-23,-0.021302,1424518.00,1178731.00,0.47,40.25,-0.0937,-0.5483,0.4866,BEAR_MARKET
2022-09-26,-0.004115,1276642.00,2455373.00,0.46,41.66,-0.1634,-0.5423,0.5061,BEAR_MARKET
2022-09-27,0.017053,847701.00,3303074.00,0.46,45.81,-0.3521,-0.5245,0.5648,BEAR_MARKET
2022-09-28,0.039574,1114678.00,4417752.00,0.46,52.07,-0.2360,-0.4941,0.6650,BEAR_RALLY
2022-09-29,-0.001206,904994.00,3512758.00,0.46,47.99,-0.3295,-0.5149,0.5966,BASE
2022-09-30,0.005485,1100768.00,4613526.00,0.47,49.21,-0.2449,-0.5089,0.6161,BASE
2022-10-03,0.008010,1245111.00,5858637.00,0.44,50.32,-0.1852,-0.5037,0.6333,BASE
2022-10-04,0.049751,1392671.00,7251308.00,0.47,59.06,-0.1263,-0.4562,0.7897,BASE
2022-10-05,0.030986,559914.00,7811222.00,0.44,60.13,-0.5028,-0.4495,0.8117,BASE
2022-10-06,0.011428,599140.00,7212082.00,0.43,59.03,-0.4848,-0.4539,0.7971,BASE
2022-10-07,-0.015832,1096109.00,6115973.00,0.45,53.57,-0.2662,-0.4770,0.7213,BASE
2022-10-10,-0.018685,867859.00,5248114.00,0.45,51.11,-0.3681,-0.4881,0.6846,BASE
2022-10-11,-0.018127,1260565.00,3987549.00,0.45,49.16,-0.1929,-0.4970,0.6553,BASE
2022-10-12,0.006210,692970.00,4680519.00,0.44,52.57,-0.4463,-0.4814,0.7066,BASE
2022-10-13,0.017926,1107776.00,5788295.00,0.49,55.76,-0.2567,-0.4658,0.7579,BASE
2022-10-14,-0.024838,647660.00,5140635.00,0.50,47.98,-0.4413,-0.5007,0.6430,BASE
2022-10-17,0.022771,1190053.00,6330688.00,0.54,55.02,-0.1926,-0.4643,0.7628,BASE
2022-10-18,0.000874,1571651.00,4759037.00,0.54,52.67,-0.0191,-0.4755,0.7262,BASE
2022-10-19,0.021244,894516.00,5653553.00,0.54,56.66,-0.3159,-0.4532,0.7995,BASE
2022-10-20,0.018040,847641.00,6501194.00,0.54,58.06,-0.3254,-0.4450,0.8264,BULL_MARKET
2022-10-21,0.020271,792478.00,7293672.00,0.55,60.19,-0.3492,-0.4324,0.8680,BULL_MARKET
2022-10-24,0.010136,1629851.00,7293672.00,0.54,60.19,0.0281,-0.4324,0.8680,BULL_MARKET
2022-10-25,0.027464,1997575.00,9291247.00,0.55,64.50,0.1856,-0.4064,0.9535,BULL_MARKET
2022-10-26,0.001057,1519238.00,7772009.00,0.55,60.47,-0.0370,-0.4212,0.9046,BULL_MARKET
2022-10-27,0.015700,1419325.00,9191334.00,0.55,63.43,-0.0869,-0.4034,0.9633,BULL_MARKET
2022-10-28,0.023179,1817480.00,11008814.00,0.56,66.26,0.0875,-0.3848,1.0244,BULL_MARKET
2022-10-31,0.015200,1838831.00,12847645.00,0.56,66.92,0.0898,-0.3804,1.0391,BULL_MARKET
2022-11-01,0.009395,2205259.00,15052904.00,0.57,67.26,0.2432,-0.3782,1.0465,BULL_MARKET
2022-11-02,-0.014173,2448115.00,12604789.00,0.57,60.26,0.3394,-0.4012,0.9707,BULL_MARKET
2022-11-03,0.024174,2314122.00,14918911.00,0.56,66.55,0.2664,-0.3626,1.0978,BULL_MARKET
2022-11-04,-0.004502,1334407.00,13584504.00,0.56,60.95,-0.1733,-0.3834,1.0293,BULL_MARKET
2022-11-07,-0.010144,1376219.00,12208285.00,0.54,58.50,-0.1500,-0.3930,0.9976,BULL_MARKET
2022-11-08,0.001615,1487964.00,13696249.00,0.55,59.97,-0.0985,-0.3848,1.0244,BULL_MARKET
2022-11-09,-0.022683,614113.00,13082136.00,0.55,52.98,-0.4864,-0.4131,0.9315,BULL_MARKET
2022-11-10,0.024082,1243188.00,14325324.00,0.56,60.54,-0.1779,-0.3700,1.0733,BULL_MARKET
2022-11-11,0.028854,1332494.00,15657818.00,0.55,63.68,-0.1292,-0.3484,1.1443,BULL_MARKET
2022-11-14,0.023467,1373285.00,17031103.00,0.56,65.32,-0.1116,-0.3366,1.1834,BULL_MARKET
2022-11-15,-0.003617,749626.00,16281477.00,0.57,60.37,-0.3860,-0.3566,1.1174,BULL_MARKET
2022-11-16,0.003932,736507.00,17017984.00,0.56,61.53,-0.3864,-0.3492,1.1418,BULL_MARKET
2022-11-17,-0.010751,672315.00,16345669.00,0.55,57.52,-0.4099,-0.3655,1.0880,BULL_MARKET
2022-11-18,-0.018425,1846228.00,14499441.00,0.54,53.76,0.1266,-0.3819,1.0342,BULL_MARKET
2022-11-21,-0.015867,653996.00,13845445.00,0.53,51.93,-0.4126,-0.3900,1.0073,BULL_MARKET
2022-11-22,-0.000678,865383.00,14710828.00,0.50,53.78,-0.3094,-0.3811,1.0367,BULL_MARKET
2022-11-23,0.009762,513971.00,15224799.00,0.48,56.34,-0.4635,-0.3685,1.0782,BULL_MARKET
2022-11-25,0.006643,205795.00,15430594.00,0.44,56.79,-0.5862,-0.3663,1.0856,BULL_MARKET
2022-11-28,-0.000208,630750.00,14799844.00,0.42,55.55,-1.1158,-0.3707,1.0709,BULL_MARKET
2022-11-29,0.003425,530232.00,15330076.00,0.40,56.57,-1.2815,-0.3663,1.0856,BULL_MARKET
2022-11-30,-0.007158,1494926.00,13835150.00,0.40,53.26,0.6314,-0.3774,1.0489,BULL_MARKET
2022-12-01,0.019735,1280239.00,15115389.00,0.40,59.99,0.2001,-0.3477,1.1467,BULL_MARKET
2022-12-02,0.009868,679205.00,15115389.00,0.39,59.99,-0.9728,-0.3477,1.1467,BULL_MARKET
2022-12-05,-0.028628,816687.00,14298702.00,0.40,48.46,-0.6718,-0.3900,1.0073,BULL_MARKET
2022-12-06,-0.021058,924083.00,13374619.00,0.37,46.60,-0.4424,-0.3982,0.9804,BULL_MARKET
2022-12-07,-0.009912,603882.00,13978501.00,0.36,46.80,-1.0633,-0.3975,0.9829,BULL_MARKET
2022-12-08,0.007826,661917.00,14640418.00,0.35,50.95,-0.9224,-0.3819,1.0342,BULL_MARKET
2022-12-09,0.038730,1180950.00,15821368.00,0.38,60.46,0.0859,-0.3373,1.1809,BULL_MARKET
2022-12-12,0.038609,1333373.00,17154741.00,0.40,64.75,0.3760,-0.3113,1.2665,BULL_MARKET
2022-12-13,0.014426,828499.00,16326242.00,0.40,62.86,-0.5974,-0.3180,1.2445,BULL_MARKET
2022-12-14,-0.001024,1035589.00,15290653.00,0.41,59.73,-0.1784,-0.3291,1.2078,BULL_MARKET
2022-12-15,-0.026071,1393136.00,13897517.00,0.43,51.46,0.4956,-0.3626,1.0978,BULL_MARKET
2022-12-16,-0.011872,1867613.00,15765130.00,0.44,51.78,1.3755,-0.3611,1.1027,BULL_MARKET
2022-12-19,-0.032195,807849.00,14957281.00,0.46,44.79,-0.6950,-0.3938,0.9951,BULL_CORRECTION
2022-12-20,0.011903,1079787.00,16037068.00,0.48,52.21,-0.1713,-0.3588,1.1100,BULL_MARKET
2022-12-21,0.005372,682227.00,15354841.00,0.46,52.05,-0.9217,-0.3596,1.1076,BULL_MARKET
2022-12-22,-0.002562,486509.00,14868332.00,0.45,50.55,-1.2836,-0.3663,1.0856,BULL_MARKET
2022-12-23,-0.020399,415177.00,14453155.00,0.44,45.51,-1.3678,-0.3900,1.0073,BULL_CORRECTION
2022-12-27,-0.020662,590829.00,13862326.00,0.44,43.06,-1.0308,-0.4027,0.9658,BEAR_MARKET
2022-12-28,-0.020381,615548.00,13246778.00,0.45,40.82,-0.9535,-0.4146,0.9267,BEAR_MARKET
2022-12-29,0.005426,643807.00,13890585.00,0.46,45.57,-0.8654,-0.3960,0.9878,BEAR_MARKET
2022-12-30,0.005167,486586.00,14377171.00,0.42,46.31,-1.1312,-0.3930,0.9976,BEAR_MARKET
2023-01-03,0.012881,864458.00,15241629.00,0.39,49.47,-0.4329,-0.3804,1.0391,BEAR_MARKET
2023-01-04,0.018874,753033.00,15994662.00,0.37,53.13,-0.6371,-0.3648,1.0905,BEAR_RALLY
2023-01-05,-0.019452,728336.00,15266326.00,0.38,45.09,-0.6531,-0.4004,0.9731,BASE
2023-01-06,-0.005408,690107.00,15956433.00,0.37,46.36,-0.6931,-0.3952,0.9902,BASE
2023-01-09,0.028259,893979.00,16850412.00,0.39,54.76,-0.2824,-0.3566,1.1174,BASE
2023-01-10,0.007152,361289.00,16489123.00,0.37,52.71,-1.2517,-0.3655,1.0880,BASE
2023-01-11,0.019139,650457.00,17139580.00,0.35,56.65,-0.6706,-0.3455,1.1540,BASE
2023-01-12,0.000406,722397.00,16417183.00,0.35,53.79,-0.5004,-0.3574,1.1149,BASE
2023-01-13,0.012761,621258.00,17038441.00,0.36,57.00,-0.6783,-0.3410,1.1687,BASE
2023-01-17,-0.006177,578269.00,16460172.00,0.36,53.03,-0.7700,-0.3574,1.1149,BASE
2023-01-18,-0.008903,610038.00,15850134.00,0.37,51.28,-0.6949,-0.3648,1.0905,BASE
2023-01-19,0.003669,701165.00,16551299.00,0.37,53.59,-0.4244,-0.3544,1.1247,BASE
2023-01-20,0.001259,449272.00,16102027.00,0.36,53.40,-1.0637,-0.3551,1.1222,BASE
2023-01-23,0.016504,706939.00,16808966.00,0.37,57.99,-0.3296,-0.3343,1.1907,BASE
2023-01-24,0.009367,1016303.00,17825269.00,0.39,58.31,0.5182,-0.3328,1.1956,BASE
2023-01-25,-0.002608,1027402.00,16797867.00,0.40,55.39,0.5675,-0.3425,1.1638,BASE
2023-01-26,-0.003569,493183.00,16304684.00,0.40,54.49,-0.9159,-0.3455,1.1540,BASE
2023-01-27,0.014958,683511.00,16988195.00,0.40,59.79,-0.3365,-0.3232,1.2274,BASE
2023-01-30,0.007479,1683666.00,16988195.00,0.38,59.79,2.4101,-0.3232,1.2274,BASE
2023-01-31,0.002090,1054366.00,15933829.00,0.38,58.99,0.6421,-0.3254,1.2200,BASE
2023-02-01,0.017298,1355576.00,17289405.00,0.39,64.14,1.4108,-0.3031,1.2934,BULL_MARKET
2023-02-02,0.043643,1491336.00,18780741.00,0.42,72.55,1.8830,-0.2526,1.4597,BULL_MARKET
2023-02-03,0.008729,1007220.00,17773521.00,0.44,66.16,0.4869,-0.2719,1.3961,BULL_MARKET
2023-02-06,-0.020209,610125.00,17163396.00,0.46,56.48,-0.6250,-0.3068,1.2812,BULL_MARKET
2023-02-07,0.006757,918132.00,18081528.00,0.47,60.69,0.2260,-0.2831,1.3594,BULL_MARKET
2023-02-08,0.004930,621610.00,18703138.00,0.46,61.08,-0.6635,-0.2808,1.3667,BULL_MARKET
2023-02-09,-0.031736,1260483.00,17442655.00,0.50,49.96,1.1664,-0.3284,1.2103,BULL_MARKET
2023-02-10,-0.033315,816234.00,16626421.00,0.50,45.62,-0.1450,-0.3514,1.1345,BULL_MARKET
2023-02-13,0.031882,1190177.00,17816598.00,0.55,57.12,0.9973,-0.2853,1.3521,BULL_MARKET
2023-02-14,0.023165,1126466.00,18943064.00,0.55,58.60,0.8224,-0.2749,1.3863,BULL_MARKET
2023-02-15,0.035099,1463596.00,20406660.00,0.58,63.20,1.7494,-0.2400,1.5012,BULL_MARKET
2023-02-16,-0.006479,688325.00,19718335.00,0.58,56.32,-0.5345,-0.2756,1.3839,BULL_MARKET
2023-02-17,-0.015176,636359.00,19081976.00,0.58,53.32,-0.6679,-0.2927,1.3276,BULL_MARKET
2023-02-21,-0.030698,604328.00,18477648.00,0.59,48.16,-0.7620,-0.3247,1.2225,BULL_MARKET
2023-02-22,-0.009335,852277.00,19329925.00,0.58,49.51,-0.0451,-0.3165,1.2494,BULL_MARKET
2023-02-23,-0.012335,716911.00,18613014.00,0.55,47.81,-0.4197,-0.3269,1.2152,BULL_MARKET
2023-02-24,0.077020,5678844.00,24291858.00,0.62,63.59,6.2909,-0.2051,1.6161,BULL_MARKET
2023-02-27,0.048686,4431914.00,28723772.00,0.62,65.12,3.8085,-0.1887,1.6699,BULL_MARKET
2023-02-28,0.009944,1983400.00,26740372.00,0.61,61.23,1.0446,-0.2117,1.5941,BULL_MARKET
2023-03-01,-0.015223,1468109.00,25272263.00,0.62,56.32,0.4743,-0.2429,1.4914,BULL_MARKET
2023-03-02,0.005942,862455.00,26134718.00,0.62,58.70,-0.1724,-0.2221,1.5599,BULL_MARKET
2023-03-03,0.028570,1262302.00,27397020.00,0.63,62.96,0.2618,-0.1813,1.6944,BULL_MARKET
2023-03-06,0.006051,846070.00,26550950.00,0.58,60.75,-0.1955,-0.1947,1.6504,BULL_MARKET
2023-03-07,0.007617,1042422.00,27593372.00,0.56,61.56,0.0147,-0.1872,1.6748,BULL_MARKET
2023-03-08,0.002893,1279742.00,26313630.00,0.53,61.29,0.2618,-0.1887,1.6699,BULL_MARKET
2023-03-09,-0.014369,963413.00,25350217.00,0.52,56.71,-0.1039,-0.2140,1.5868,BULL_MARKET
2023-03-10,-0.024005,719368.00,24630849.00,0.53,52.37,-0.3809,-0.2400,1.5012,BULL_MARKET
2023-03-13,-0.015928,790275.00,23840574.00,0.53,51.40,-0.3057,-0.2459,1.4817,BULL_MARKET
2023-03-14,0.000825,883820.00,24724394.00,0.55,53.48,-0.2063,-0.2325,1.5257,BULL_MARKET
2023-03-15,-0.003963,1205717.00,23518677.00,0.55,52.28,0.1407,-0.2392,1.5037,BULL_MARKET
2023-03-16,0.002878,1408399.00,24927076.00,0.47,53.53,0.3574,-0.2318,1.5281,BULL_MARKET
2023-03-17,-0.022835,1651763.00,23275313.00,0.48,47.01,0.6108,-0.2682,1.4083,BULL_MARKET
2023-03-20,-0.027407,916142.00,22359171.00,0.48,43.41,-0.2234,-0.2912,1.3325,BULL_CORRECTION
2023-03-21,0.014322,985144.00,23344315.00,0.49,50.64,-0.1524,-0.2504,1.4670,BULL_MARKET
2023-03-22,0.013562,1543822.00,24888137.00,0.49,52.19,0.4644,-0.2407,1.4988,BULL_MARKET
2023-03-23,0.002358,880585.00,24007552.00,0.49,50.99,-0.2989,-0.2474,1.4768,BULL_MARKET
2023-03-24,0.007067,853928.00,24861480.00,0.48,52.56,-0.3345,-0.2385,1.5061,BULL_MARKET
2023-03-27,0.009353,714047.00,25575527.00,0.48,54.13,-0.4938,-0.2296,1.5355,BULL_MARKET
2023-03-28,0.007082,701058.00,26276585.00,0.47,54.80,-0.5109,-0.2259,1.5477,BULL_MARKET
2023-03-29,0.007841,701878.00,26978463.00,0.46,56.05,-0.5136,-0.2192,1.5697,BULL_MARKET
2023-03-30,0.005820,491199.00,27469662.00,0.44,56.63,-0.7504,-0.2162,1.5795,BULL_MARKET
2023-03-31,0.016007,925131.00,28394793.00,0.45,60.52,-0.2609,-0.1954,1.6479,BULL_MARKET
2023-04-03,0.007542,1014145.00,27380648.00,0.45,60.31,-0.1731,-0.1961,1.6455,BULL_MARKET
2023-04-04,-0.001338,757753.00,26622895.00,0.44,57.95,-0.4695,-0.2043,1.6186,BULL_MARKET
2023-04-05,-0.038982,1176818.00,25446077.00,0.47,44.49,0.0092,-0.2630,1.4254,BULL_CORRECTION
2023-04-06,-0.006064,490423.00,25936500.00,0.45,48.86,-0.7645,-0.2429,1.4914,BULL_MARKET
2023-04-10,-0.003032,1332919.00,25936500.00,0.45,48.86,0.1820,-0.2429,1.4914,BULL_MARKET
2023-04-11,-0.017469,747713.00,25188787.00,0.44,44.09,-0.4937,-0.2667,1.4132,BULL_CORRECTION
2023-04-12,-0.011274,1017890.00,24170897.00,0.44,43.37,-0.1676,-0.2622,1.4010,BULL_CORRECTION
2023-04-13,0.015303,731158.00,24902055.00,0.43,50.60,-0.4905,-0.2307,1.5037,BULL_MARKET
2023-04-14,0.005695,496050.00,24406005.00,0.44,49.95,-0.7381,-0.2337,1.4939,BULL_MARKET
2023-04-17,0.016865,936028.00,25342033.00,0.45,54.53,-0.2207,-0.1998,1.5648,BULL_MARKET
2023-04-18,0.001231,1009649.00,24332384.00,0.46,51.89,-0.1361,-0.1922,1.5281,BULL_MARKET
2023-04-19,-0.003268,569778.00,23762606.00,0.46,50.48,-0.6402,-0.1719,1.5086,BULL_MARKET
2023-04-20,-0.005548,750212.00,23012394.00,0.48,49.04,-0.4286,-0.1750,1.4890,BULL_MARKET
2023-04-21,0.006954,766401.00,23778795.00,0.46,52.66,-0.4141,-0.1372,1.5379,BULL_MARKET
2023-04-24,-0.006742,507691.00,23271104.00,0.46,48.75,-0.6907,-0.1233,1.4866,BULL_CORRECTION
2023-04-25,-0.030132,715467.00,22555637.00,0.47,40.55,-0.4505,-0.1690,1.3570,BEAR_MARKET
2023-04-26,-0.009393,604599.00,23160236.00,0.42,42.71,-0.5620,-0.1595,1.3839,BEAR_MARKET
2023-04-27,0.001926,1280221.00,24440457.00,0.42,45.23,0.2038,-0.1483,1.4156,BEAR_MARKET
2023-04-28,-0.007715,1549273.00,22891184.00,0.44,42.59,0.5077,-0.1629,1.3741,BEAR_MARKET
2023-05-01,0.007345,1083314.00,23974498.00,0.43,46.91,-0.0313,-0.1425,1.4279,BEAR_MARKET
2023-05-02,-0.032337,1208613.00,22765885.00,0.43,37.40,0.0988,-0.2021,1.2592,BEAR_MARKET
2023-05-03,-0.016710,1437839.00,21328046.00,0.42,37.28,0.3426,-0.2029,1.2567,BEAR_MARKET
2023-05-04,-0.011071,2538569.00,18789477.00,0.44,36.66,1.5291,-0.1862,1.2445,BEAR_MARKET
2023-05-05,-0.053517,2818456.00,15971021.00,0.50,28.15,1.7435,-0.2606,1.0391,BEAR_MARKET
2023-05-08,-0.030973,1091626.00,14879395.00,0.50,27.58,-0.0472,-0.2668,1.0220,BEAR_MARKET
2023-05-09,-0.016697,1252963.00,13626432.00,0.51,27.41,0.4159,-0.2686,1.0171,BEAR_MARKET
2023-05-10,0.000661,951863.00,14578295.00,0.49,30.89,-0.1944,-0.2553,1.0538,BEAR_MARKET
2023-05-11,-0.006261,850870.00,13727425.00,0.49,29.76,-0.3959,-0.2651,1.0269,BEAR_MARKET
2023-05-12,-0.012875,950713.00,12776712.00,0.49,28.15,-0.1748,-0.2793,0.9878,BEAR_MARKET
2023-05-15,-0.001541,1612179.00,14388891.00,0.47,30.18,1.2850,-0.2722,1.0073,BEAR_MARKET
2023-05-16,-0.008751,1628009.00,12760882.00,0.47,28.76,1.2665,-0.2837,0.9756,BEAR_MARKET
2023-05-17,0.004214,2287007.00,15047889.00,0.46,32.46,2.4847,-0.2713,1.0098,BEAR_MARKET
2023-05-18,0.003928,1289307.00,16337196.00,0.43,33.26,0.4378,-0.2686,1.0171,BEAR_MARKET
2023-05-19,0.004383,1008598.00,17345794.00,0.43,34.37,-0.1398,-0.2651,1.0269,BEAR_MARKET
2023-05-22,0.021709,1200878.00,18546672.00,0.42,42.85,0.2361,-0.2358,1.1076,BEAR_MARKET
2023-05-23,0.023455,1100023.00,19646695.00,0.43,47.70,0.0155,-0.2163,1.1614,BEAR_MARKET
2023-05-24,-0.003199,1083204.00,18563491.00,0.41,43.05,-0.0277,-0.2394,1.0978,BEAR_MARKET
2023-05-25,0.000146,1081727.00,19645218.00,0.34,43.73,-0.0256,-0.2367,1.1051,BEAR_MARKET
2023-05-26,0.011554,979012.00,20624230.00,0.34,48.19,-0.2217,-0.2190,1.1540,BEAR_MARKET
2023-05-30,0.004641,885301.00,19738929.00,0.35,47.78,-0.3899,-0.2207,1.1491,BEAR_MARKET
2023-05-31,0.015235,3679983.00,23418912.00,0.36,52.73,4.2729,-0.2004,1.2054,BEAR_MARKET
2023-06-01,-0.001331,983370.00,22435542.00,0.36,49.23,-0.2375,-0.2145,1.1663,BEAR_MARKET
2023-06-02,0.004946,914797.00,23350339.00,0.36,51.40,-0.3325,-0.2057,1.1907,BEAR_MARKET
2023-06-05,-0.004835,635718.00,22714621.00,0.36,48.50,-0.7891,-0.2172,1.1589,BEAR_MARKET
2023-06-06,0.015382,823887.00,23538508.00,0.38,55.20,-0.4734,-0.1888,1.2372,BEAR_MARKET
2023-06-07,-0.006722,901246.00,22637262.00,0.39,49.56,-0.3515,-0.2119,1.1736,BEAR_MARKET
2023-06-08,0.001118,767308.00,23404570.00,0.39,51.21,-0.5790,-0.2048,1.1932,BEAR_MARKET
2023-06-09,-0.002236,725131.00,22679439.00,0.38,50.11,-0.6509,-0.2092,1.1809,BEAR_MARKET
2023-06-12,0.010517,596031.00,23275470.00,0.36,54.54,-0.8741,-0.1906,1.2323,BEAR_MARKET
2023-06-13,0.014483,811437.00,24086907.00,0.34,57.81,-0.5066,-0.1755,1.2738,BEAR_RALLY
2023-06-14,-0.007490,850477.00,23236430.00,0.34,51.48,-0.4347,-0.1995,1.2078,BASE
2023-06-15,0.001762,1112192.00,24348622.00,0.35,53.51,-0.0072,-0.1906,1.2323,BASE
2023-06-16,-0.003520,1321747.00,23026875.00,0.35,51.65,0.3406,-0.1977,1.2127,BASE
2023-06-20,-0.013499,741027.00,22285848.00,0.34,47.02,-0.6500,-0.2163,1.1614,BASE
2023-06-21,-0.026360,886208.00,21399640.00,0.34,40.67,-0.3886,-0.2465,1.0782,BASE
2023-06-22,-0.007914,716410.00,22116050.00,0.33,42.87,-0.6749,-0.2385,1.1002,BASE
2023-06-23,-0.010401,3866110.00,18249940.00,0.33,40.87,3.8238,-0.2482,1.0733,BASE
2023-06-26,-0.016531,708796.00,17541144.00,0.33,37.62,-0.6562,-0.2651,1.0269,BASE
2023-06-27,-0.015556,962915.00,16578229.00,0.31,35.68,-0.3116,-0.2757,0.9976,BASE
2023-06-28,0.012021,623091.00,17201320.00,0.30,44.18,-0.7848,-0.2465,1.0782,BASE
2023-06-29,0.014757,1018831.00,18220151.00,0.31,47.57,-0.2218,-0.2332,1.1149,BASE
2023-06-30,0.000979,1086080.00,17134071.00,0.31,45.39,-0.1418,-0.2429,1.0880,BASE
2023-07-03,-0.023496,871850.00,16262221.00,0.33,38.49,-0.4533,-0.2784,0.9902,BASE
2023-07-05,-0.012978,818533.00,15443688.00,0.33,38.18,-0.5319,-0.2801,0.9853,BASE
2023-07-06,-0.015185,594014.00,14849674.00,0.32,35.98,-0.8592,-0.2926,0.9183,BEAR_MARKET
2023-07-07,0.001103,588421.00,15438095.00,0.32,39.72,-0.8612,-0.2801,0.9519,BEAR_MARKET
2023-07-10,0.010912,722408.00,16160503.00,0.32,44.00,-0.6737,-0.2651,0.9928,BEAR_MARKET
2023-07-11,0.018552,650616.00,16811119.00,0.32,49.05,-0.7547,-0.2456,1.0457,BEAR_MARKET
2023-07-12,0.020316,1092352.00,17903471.00,0.33,52.99,-0.1090,-0.2287,1.0913,BEAR_RALLY
2023-07-13,0.023765,771065.00,18674536.00,0.33,57.46,-0.5599,-0.2074,1.1490,BEAR_RALLY
2023-07-14,0.026216,1030832.00,19705368.00,0.35,61.71,-0.1827,-0.1844,1.2115,BEAR_RALLY
2023-07-17,0.016358,1074599.00,20779967.00,0.34,62.64,-0.1098,-0.1791,1.2260,BEAR_RALLY
2023-07-18,0.006557,815654.00,19964313.00,0.35,61.83,-0.4494,-0.1817,1.0511,BEAR_RALLY
2023-07-19,0.009202,633709.00,20598022.00,0.34,63.68,-0.7002,-0.1720,1.0043,BULL_MARKET
2023-07-20,-0.015609,519157.00,20078865.00,0.35,54.18,-0.8581,-0.2048,0.8668,BULL_MARKET
2023-07-21,-0.010039,444633.00,19634232.00,0.36,53.26,-0.9426,-0.2083,0.8585,BULL_MARKET
2023-07-24,-0.018641,419929.00,19214303.00,0.35,47.97,-0.9558,-0.2296,0.8085,BULL_MARKET
2023-07-25,-0.000198,492247.00,19706550.00,0.35,51.43,-0.8271,-0.2154,0.8418,BULL_MARKET
2023-07-26,-0.001797,477640.00,19228910.00,0.34,50.75,-0.8293,-0.2181,0.8356,BULL_MARKET
2023-07-27,-0.002602,658762.00,18570148.00,0.35,50.03,-0.5251,-0.2207,0.7939,BULL_MARKET
2023-07-28,0.002100,726575.00,19296723.00,0.35,51.50,-0.3959,-0.2154,0.7735,BULL_MARKET
2023-07-31,0.021529,978357.00,20275080.00,0.35,59.44,0.0382,-0.1826,0.8403,BULL_MARKET
2023-08-01,-0.004096,1415267.00,18859813.00,0.34,52.67,0.7425,-0.2066,0.7864,BULL_MARKET
2023-08-02,-0.036146,2020663.00,16839150.00,0.37,41.54,1.6441,-0.2589,0.5894,BEAR_MARKET
2023-08-03,0.045844,2734850.00,19574000.00,0.43,59.39,2.5393,-0.1578,0.7273,BULL_MARKET
2023-08-04,0.013894,1644795.00,17929205.00,0.44,56.62,0.9124,-0.1729,0.6142,BULL_MARKET
2023-08-07,-0.044366,1815803.00,16113402.00,0.49,44.60,1.1257,-0.2535,0.4567,BULL_CORRECTION
2023-08-08,-0.029360,1582355.00,14531047.00,0.53,43.29,0.7706,-0.2642,0.4360,BEAR_MARKET
2023-08-09,-0.038744,881539.00,13649508.00,0.53,39.27,-0.2294,-0.2988,0.3685,BEAR_MARKET
2023-08-10,-0.009979,657630.00,14307138.00,0.52,41.52,-0.5417,-0.2855,0.3945,BEAR_MARKET
2023-08-11,0.001788,582196.00,14889334.00,0.51,43.18,-0.6628,-0.2757,0.4135,BEAR_MARKET
2023-08-14,-0.010245,707794.00,14181540.00,0.51,41.12,-0.4409,-0.2917,0.3824,BEAR_MARKET
2023-08-15,0.001096,581272.00,14762812.00,0.51,42.75,-0.6399,-0.2828,0.3997,BEAR_MARKET
2023-08-16,-0.022859,556302.00,14206510.00,0.51,38.50,-0.6780,-0.3156,0.3356,BEAR_MARKET
2023-08-17,-0.026552,537157.00,13669353.00,0.51,36.09,-0.6973,-0.3360,0.2958,BEAR_MARKET
2023-08-18,-0.000751,764042.00,14433395.00,0.51,39.46,-0.3146,-0.3191,0.3287,BEAR_MARKET
2023-08-21,-0.027120,1204731.00,13228664.00,0.52,35.25,0.4038,-0.3546,0.2595,BEAR_MARKET
2023-08-22,-0.005385,2182511.00,15411175.00,0.49,37.41,1.9089,-0.3440,0.2803,BEAR_MARKET
2023-08-23,0.019768,2329016.00,17740191.00,0.43,43.18,2.0085,-0.3138,0.3391,BEAR_MARKET
2023-08-24,0.003382,789886.00,16950305.00,0.42,41.96,-0.3627,-0.3227,0.3218,BEAR_MARKET
2023-08-25,0.008193,660299.00,17610604.00,0.36,43.68,-0.5551,-0.3138,0.3391,BEAR_MARKET
2023-08-28,0.009238,611167.00,18221771.00,0.32,45.08,-0.6130,-0.3067,0.3529,BEAR_MARKET
2023-08-29,0.017246,753592.00,18975363.00,0.31,48.54,-0.3778,-0.2890,0.3875,BEAR_MARKET
2023-08-30,0.003610,826093.00,18149270.00,0.31,47.26,-0.2695,-0.2961,0.3737,BEAR_MARKET
2023-08-31,0.013629,1828104.00,19977374.00,0.32,50.59,1.2202,-0.2793,0.4066,BEAR_MARKET
2023-09-01,-0.025578,1723920.00,18253454.00,0.36,42.77,1.0234,-0.3245,0.3183,BEAR_MARKET
2023-09-05,0.011544,1094178.00,19347632.00,0.38,49.09,0.2046,-0.2908,0.3841,BEAR_MARKET
2023-09-06,0.022368,889363.00,20236995.00,0.38,53.05,-0.1876,-0.2668,0.4308,BEAR_MARKET
2023-09-07,-0.003541,855485.00,19381510.00,0.38,49.37,-0.2473,-0.2881,0.3893,BEAR_MARKET
2023-09-08,0.003802,581351.00,19962861.00,0.37,50.75,-0.7612,-0.2801,0.4048,BEAR_MARKET
2023-09-11,0.003131,689941.00,20652802.00,0.35,51.07,-0.5429,-0.2784,0.4083,BEAR_MARKET
2023-09-12,-0.016573,591259.00,20061543.00,0.35,46.38,-0.7061,-0.3041,0.3581,BEAR_MARKET
2023-09-13,-0.009562,840315.00,19221228.00,0.33,46.06,-0.2399,-0.3059,0.3547,BEAR_MARKET
2023-09-14,-0.007342,774060.00,18447168.00,0.33,45.40,-0.3617,-0.3094,0.3478,BEAR_MARKET
2023-09-15,-0.001749,3484562.00,21931730.00,0.33,46.03,3.8498,-0.3067,0.3529,BEAR_MARKET
2023-09-18,0.004847,944218.00,22875948.00,0.35,47.96,-0.1395,-0.2988,0.3685,BEAR_MARKET
2023-09-19,0.007455,605351.00,23481299.00,0.34,49.68,-0.6674,-0.2917,0.3824,BEAR_MARKET
2023-09-20,0.008089,1024349.00,24505648.00,0.34,51.20,-0.0215,-0.2855,0.3945,BEAR_MARKET
2023-09-21,-0.027977,556729.00,23948919.00,0.35,41.54,-0.7373,-0.3298,0.3080,BEAR_MARKET
2023-09-22,0.005469,920886.00,24869805.00,0.32,47.89,-0.1717,-0.3032,0.3599,BEAR_MARKET
2023-09-25,-0.001097,677666.00,24192139.00,0.31,46.80,-0.5405,-0.3085,0.3495,BEAR_MARKET
2023-09-26,0.007085,1433431.00,25625570.00,0.31,49.30,0.6279,-0.2979,0.3048,BEAR_MARKET
2023-09-27,0.009192,1527311.00,27152881.00,0.31,51.15,0.7485,-0.2899,0.2919,BEAR_MARKET
2023-09-28,0.006465,1788595.00,28941476.00,0.32,51.78,1.1084,-0.2872,0.2722,BEAR_MARKET
2023-09-29,0.022149,1530505.00,30471981.00,0.33,57.86,0.6822,-0.2598,0.3212,BULL_MARKET
2023-10-02,-0.001661,854156.00,29617825.00,0.33,52.99,-0.3763,-0.2784,0.2880,BULL_MARKET
2023-10-03,-0.008256,1206947.00,28410878.00,0.33,50.38,0.1495,-0.2890,0.2690,BULL_CORRECTION
2023-10-04,0.001451,885174.00,29296052.00,0.33,52.28,-0.3720,-0.2810,0.2832,BULL_MARKET
2023-10-05,0.017101,1099144.00,30395196.00,0.34,57.52,-0.0530,-0.2571,0.3259,BULL_MARKET
2023-10-06,0.015660,1234638.00,31629834.00,0.34,59.65,0.1466,-0.2465,0.3449,BULL_MARKET
2023-10-09,0.023465,1279600.00,32909434.00,0.37,64.01,0.2021,-0.2225,0.3877,BULL_MARKET
2023-10-10,0.011733,1185453.00,32909434.00,0.36,64.01,0.0430,-0.2225,0.3877,BULL_MARKET
2023-10-11,0.004725,947012.00,31962422.00,0.34,63.42,-0.3283,-0.2243,0.3845,BULL_MARKET
2023-10-12,0.000645,1117025.00,30845397.00,0.33,62.49,-0.0239,-0.2270,0.3711,BULL_MARKET
2023-10-13,-0.010107,1496372.00,29349025.00,0.32,57.09,0.6935,-0.2429,0.3428,BULL_MARKET
2023-10-16,0.008804,955493.00,30304518.00,0.32,61.83,-0.2468,-0.2216,0.3104,BULL_MARKET
2023-10-17,0.016776,1563764.00,31868282.00,0.33,65.58,0.8629,-0.2021,0.3006,BULL_MARKET
2023-10-18,-0.002280,3228127.00,28640155.00,0.32,60.09,3.3754,-0.2190,0.2731,BULL_MARKET
2023-10-19,-0.004557,1852772.00,26787383.00,0.31,58.42,1.1281,-0.2243,0.2626,BULL_MARKET
2023-10-20,-0.023881,1572613.00,25214770.00,0.32,49.35,0.6566,-0.2571,0.1761,BULL_MARKET
2023-10-23,-0.047162,1385333.00,23829437.00,0.34,39.24,0.3367,-0.3076,0.0961,BULL_CORRECTION
2023-10-24,-0.002888,1536751.00,25366188.00,0.35,46.12,0.5535,-0.2784,0.1425,BULL_MARKET
2023-10-25,-0.035765,1259518.00,24106670.00,0.36,38.44,0.0886,-0.3262,0.0497,BULL_CORRECTION
2023-10-26,-0.013298,1307038.00,25413708.00,0.35,39.84,0.1428,-0.3200,0.0594,BULL_CORRECTION
2023-10-27,-0.007302,886283.00,24527425.00,0.34,39.70,-0.5622,-0.3209,0.0580,BULL_CORRECTION
2023-10-30,-0.009560,1357024.00,23170401.00,0.35,38.41,0.1967,-0.3289,0.0456,BULL_CORRECTION
2023-10-31,0.010185,1333592.00,24503993.00,0.35,43.48,0.1535,-0.3085,0.0773,BULL_CORRECTION
2023-11-01,0.000585,1434379.00,23069614.00,0.35,42.34,0.3541,-0.3147,0.0677,BULL_CORRECTION
2023-11-02,0.023670,3444653.00,26514267.00,0.37,49.85,3.3919,-0.2819,0.1188,BULL_MARKET
2023-11-03,0.032986,1789279.00,28303546.00,0.38,55.72,0.8031,-0.2509,0.1671,BULL_MARKET
2023-11-06,-0.002810,934384.00,27369162.00,0.38,49.96,-0.5270,-0.2793,0.1229,BULL_MARKET
2023-11-07,0.017306,1222712.00,28591874.00,0.41,54.83,-0.0996,-0.2518,0.1657,BULL_MARKET
2023-11-08,0.006873,822584.00,27769290.00,0.40,54.28,-0.7307,-0.2544,0.1616,BULL_MARKET
2023-11-09,-0.011652,920889.00,26848401.00,0.40,49.79,-0.5803,-0.2766,0.1271,BULL_MARKET
2023-11-10,-0.000948,775761.00,27624162.00,0.38,51.18,-0.7766,-0.2695,0.1381,BULL_MARKET
2023-11-13,-0.004740,752528.00,26871634.00,0.37,49.88,-0.7818,-0.2757,0.1285,BULL_MARKET
2023-11-14,0.019776,1210965.00,28082599.00,0.36,56.22,-0.0636,-0.2429,0.1796,BULL_MARKET
2023-11-15,0.019169,1779080.00,29861679.00,0.37,58.66,0.8009,-0.2287,0.2017,BULL_MARKET
2023-11-16,-0.006179,746636.00,29115043.00,0.37,53.27,-0.8151,-0.2527,0.1644,BULL_MARKET
2023-11-17,-0.000722,762870.00,29877913.00,0.35,53.95,-0.7996,-0.2491,0.1699,BULL_MARKET
2023-11-20,0.006090,776048.00,30653961.00,0.35,55.84,-0.7834,-0.2394,0.1851,BULL_MARKET
2023-11-21,0.000123,678397.00,29975564.00,0.35,54.74,-0.9429,-0.2438,0.1782,BULL_MARKET
2023-11-22,0.007624,936822.00,30912386.00,0.33,57.10,-0.5379,-0.2323,0.1961,BULL_MARKET
2023-11-24,0.004389,361688.00,31274074.00,0.31,57.29,-1.4164,-0.2314,0.1975,BULL_MARKET
2023-11-27,0.001040,1535429.00,29738645.00,0.29,56.76,0.5501,-0.2332,0.1948,BULL_MARKET
2023-11-28,-0.006465,1576479.00,28162166.00,0.26,53.58,0.6004,-0.2438,0.1782,BULL_MARKET
2023-11-29,-0.020527,1454376.00,26707790.00,0.29,46.75,0.3555,-0.2695,0.1381,BULL_CORRECTION
2023-11-30,-0.014529,1156788.00,25551002.00,0.29,45.26,-0.1894,-0.2757,0.1285,BULL_CORRECTION
2023-12-01,0.008992,2071879.00,27622881.00,0.31,51.69,1.4124,-0.2518,0.1657,BULL_MARKET
2023-12-04,0.002716,1401645.00,26221236.00,0.31,50.97,0.1830,-0.2544,0.1616,BULL_MARKET
2023-12-05,-0.002222,1095469.00,25125767.00,0.30,49.49,-0.3932,-0.2598,0.1533,BULL_MARKET
2023-12-06,-0.016310,815053.00,24310714.00,0.30,43.80,-0.8795,-0.2819,0.1188,BULL_CORRECTION
2023-12-07,-0.025106,1139387.00,23171327.00,0.31,38.62,-0.2737,-0.3059,0.0815,BULL_CORRECTION
2023-12-08,-0.008103,1140185.00,24311512.00,0.30,40.58,-0.2505,-0.2996,0.0912,BULL_CORRECTION
2023-12-11,-0.012992,1142969.00,23168543.00,0.30,37.97,-0.2315,-0.3121,0.0718,BULL_CORRECTION
2023-12-12,0.013090,2182860.00,25351403.00,0.31,46.22,1.6037,-0.2846,0.1146,BULL_CORRECTION
2023-12-13,0.037185,3898862.00,29250265.00,0.36,56.47,3.8485,-0.2394,0.1851,BULL_MARKET
2023-12-14,0.019175,2787885.00,32038150.00,0.38,56.65,2.0334,-0.2385,0.1865,BULL_MARKET
2023-12-15,0.007254,4820456.00,27217694.00,0.39,55.69,4.0055,-0.2420,0.1809,BULL_MARKET
2023-12-18,0.003627,1443495.00,27217694.00,0.39,55.69,-0.0263,-0.2420,0.1809,BULL_MARKET
2023-12-19,0.026348,3125582.00,30343276.00,0.40,63.43,1.8676,-0.2039,0.2403,BULL_MARKET
2023-12-20,-0.006704,1025668.00,29317608.00,0.40,55.01,-0.5440,-0.2349,0.1920,BULL_MARKET
2023-12-21,0.001835,1323975.00,30641583.00,0.39,56.60,-0.2108,-0.2270,0.2044,BULL_MARKET
2023-12-22,0.014493,1089842.00,31731425.00,0.38,60.61,-0.4800,-0.2057,0.2376,BULL_MARKET
2023-12-26,0.008918,1027526.00,32758951.00,0.38,61.10,-0.5394,-0.2030,0.2417,BULL_MARKET
2023-12-27,0.001670,1026486.00,31732465.00,0.36,59.78,-0.5427,-0.2074,0.2348,BULL_MARKET
2023-12-28,-0.003659,734332.00,30998133.00,0.34,57.64,-0.8533,-0.2145,0.2238,BULL_MARKET
2023-12-29,-0.004092,1037592.00,29960541.00,0.34,56.54,-0.4757,-0.2181,0.2182,BULL_MARKET
2024-01-02,-0.026441,2376917.00,27583624.00,0.36,46.57,1.0926,-0.2553,0.1602,BULL_MARKET
2024-01-03,-0.040750,1244650.00,26338974.00,0.37,38.69,-0.2319,-0.2952,0.0981,BULL_CORRECTION
2024-01-04,-0.014747,797370.00,27136344.00,0.33,40.85,-0.7401,-0.2872,0.1105,BULL_CORRECTION
2024-01-05,-0.001807,1167358.00,28303702.00,0.31,43.00,-0.2984,-0.2793,0.1229,BULL_CORRECTION
2024-01-08,0.028358,1239268.00,29542970.00,0.33,53.04,-0.2139,-0.2358,0.1906,BULL_MARKET
2024-01-09,0.010102,886811.00,28656159.00,0.33,51.65,-0.6138,-0.2420,0.1809,BULL_MARKET
2024-01-10,0.037868,2020883.00,30677042.00,0.33,60.86,0.6799,-0.1906,0.2610,BULL_MARKET
2024-01-11,0.027621,1683451.00,32360493.00,0.32,62.96,0.2795,-0.1764,0.2831,BULL_MARKET
2024-01-12,0.032820,2243721.00,34604214.00,0.33,67.22,0.9023,-0.1445,0.3329,BULL_MARKET
2024-01-16,0.001154,1369349.00,33234865.00,0.34,61.12,-0.1045,-0.1702,0.2928,BULL_MARKET
2024-01-17,-0.012959,1255460.00,31979405.00,0.37,56.38,-0.1960,-0.1924,0.2583,BULL_MARKET
2024-01-18,0.022831,1594872.00,33574277.00,0.41,63.15,0.2230,-0.1436,0.3343,BULL_MARKET
2024-01-19,0.016565,1302645.00,34876922.00,0.42,64.24,-0.1434,-0.1348,0.3481,BULL_MARKET
2024-01-22,0.010327,1461196.00,36338118.00,0.43,64.69,0.0451,-0.1312,0.3536,BULL_MARKET
2024-01-23,0.013763,1187557.00,37525675.00,0.41,66.61,-0.3009,-0.1161,0.3771,BULL_MARKET
2024-01-24,0.001841,777157.00,36748518.00,0.40,64.39,-0.8009,-0.1250,0.3633,BULL_MARKET
2024-01-25,0.000414,735699.00,36012819.00,0.41,64.16,-0.8502,-0.1259,0.3619,BULL_MARKET
2024-01-26,0.003240,964737.00,36977556.00,0.41,64.97,-0.5763,-0.1206,0.3702,BULL_MARKET
2024-01-29,0.005136,530750.00,37508306.00,0.38,65.94,-1.0820,-0.1144,0.3798,BULL_MARKET
2024-01-30,0.000059,694108.00,36814198.00,0.37,64.57,-0.8518,-0.1188,0.3729,BULL_MARKET
2024-01-31,-0.013223,890915.00,35923283.00,0.35,57.84,-0.6183,-0.1418,0.3370,BULL_MARKET
2024-02-01,0.007144,926693.00,36849976.00,0.35,62.24,-0.5804,-0.1179,0.3743,BULL_MARKET
2024-02-02,-0.000971,984431.00,35865545.00,0.34,59.99,-0.5168,-0.1259,0.3619,BULL_MARKET
2024-02-05,-0.011768,589149.00,35276396.00,0.33,54.79,-0.9957,-0.1454,0.3315,BULL_MARKET
2024-02-06,-0.001238,488239.00,35764635.00,0.30,56.45,-1.0978,-0.1374,0.3439,BULL_MARKET
2024-02-07,-0.006824,692092.00,35072543.00,0.28,53.62,-0.8667,-0.1480,0.3273,BULL_MARKET
2024-02-08,0.004844,910804.00,35983347.00,0.28,56.74,-0.5831,-0.1339,0.3494,BULL_MARKET
2024-02-09,0.013556,1488250.00,37471597.00,0.29,60.66,0.1207,-0.1144,0.3798,BULL_MARKET
2024-02-12,0.015707,1164244.00,38635841.00,0.29,63.56,-0.2659,-0.0984,0.4047,BULL_MARKET
2024-02-13,-0.014261,1284466.00,37351375.00,0.33,53.21,-0.1230,-0.1374,0.3439,BULL_MARKET
2024-02-14,0.016457,1210597.00,38561972.00,0.34,60.59,-0.1932,-0.0957,0.4088,BULL_MARKET
2024-02-15,0.010185,1287750.00,39849722.00,0.34,61.16,-0.0960,-0.0922,0.4144,BULL_MARKET
2024-02-16,0.009468,1115240.00,40964962.00,0.35,62.45,-0.3076,-0.0842,0.4268,BULL_MARKET
2024-02-20,-0.000619,1161352.00,39803610.00,0.37,59.82,-0.2606,-0.0940,0.4116,BULL_MARKET
2024-02-21,-0.008696,1441189.00,38362421.00,0.37,55.91,0.0758,-0.1090,0.3881,BULL_MARKET
2024-02-22,0.010842,1868687.00,40231108.00,0.37,60.93,0.5820,-0.0816,0.4309,BULL_MARKET
2024-02-23,0.002517,1422420.00,38808688.00,0.37,59.52,0.0279,-0.0869,0.4227,BULL_MARKET
2024-02-26,0.002713,1506479.00,40315167.00,0.37,60.02,0.1491,-0.0842,0.4268,BULL_MARKET
2024-02-27,0.021748,4459370.00,44774537.00,0.40,66.41,3.6240,-0.0461,0.4862,BULL_MARKET
2024-02-28,0.003383,3087900.00,41686637.00,0.42,62.41,1.9684,-0.0485,0.4641,BULL_MARKET
2024-02-29,-0.003048,2540057.00,39146580.00,0.42,59.98,1.6355,-0.0575,0.4503,BULL_MARKET
2024-03-01,-0.009685,1905433.00,37241147.00,0.41,55.99,0.7407,-0.0727,0.4268,BULL_MARKET
2024-03-04,-0.005812,1155685.00,36085462.00,0.40,55.52,-0.2519,-0.0745,0.4240,BULL_MARKET
2024-03-05,-0.015677,1530007.00,34555455.00,0.37,49.70,0.2821,-0.0978,0.3881,BULL_MARKET
2024-03-06,-0.008834,1059593.00,33495862.00,0.35,49.27,-0.3996,-0.0996,0.3854,BULL_MARKET
2024-03-07,0.005455,906246.00,34402108.00,0.34,53.57,-0.6171,-0.0817,0.4130,BULL_MARKET
2024-03-08,0.001259,796412.00,33605696.00,0.34,52.85,-0.7677,-0.0693,0.4088,BULL_MARKET
2024-03-11,0.008412,1297538.00,34903234.00,0.34,56.25,-0.0466,-0.0539,0.4309,BULL_MARKET
2024-03-12,0.006133,1138999.00,36042233.00,0.33,57.08,-0.2915,-0.0502,0.4365,BULL_MARKET
2024-03-13,0.002585,1218153.00,34824080.00,0.32,56.79,-0.1809,-0.0511,0.4351,BULL_MARKET
2024-03-14,0.004172,1080214.00,35904294.00,0.32,58.17,-0.3536,-0.0457,0.4434,BULL_MARKET
2024-03-15,-0.004658,1937726.00,33966568.00,0.32,53.85,0.9077,-0.0584,0.4240,BULL_MARKET
2024-03-18,0.009177,1117979.00,35084547.00,0.30,59.41,-0.3263,-0.0365,0.4572,BULL_MARKET
2024-03-19,0.017224,1195678.00,36280225.00,0.28,64.58,-0.2107,-0.0119,0.4945,BULL_MARKET
2024-03-20,0.026763,2466616.00,38746841.00,0.29,70.56,1.6144,-0.0036,0.5497,BULL_MARKET
2024-03-21,0.008905,2357410.00,36389431.00,0.30,67.49,1.3907,-0.0372,0.5359,BULL_MARKET
2024-03-22,0.001295,1408511.00,34980920.00,0.31,65.35,0.0444,-0.0433,0.5262,BULL_MARKET
2024-03-25,-0.000712,806898.00,34174022.00,0.30,64.41,-0.7988,-0.0459,0.5221,BULL_MARKET
2024-03-26,-0.009976,750589.00,33423433.00,0.31,58.08,-0.8450,-0.0641,0.4931,BULL_MARKET
2024-03-27,0.000532,863008.00,34286441.00,0.31,60.47,-0.6634,-0.0537,0.5097,BULL_MARKET
2024-03-28,0.000266,1166979.00,34286441.00,0.31,60.47,-0.2198,-0.0537,0.5097,BULL_MARKET
2024-04-01,-0.005387,1199217.00,33087224.00,0.30,56.72,-0.1618,-0.0641,0.4931,BULL_MARKET
2024-04-02,-0.019628,1135228.00,31951996.00,0.32,47.26,-0.2497,-0.0952,0.4434,BULL_MARKET
2024-04-03,-0.006001,1075630.00,33027626.00,0.33,49.29,-0.3248,-0.0883,0.4544,BULL_MARKET
2024-04-04,0.059413,6175692.00,39203318.00,0.44,70.58,4.9245,-0.0414,0.6478,BULL_MARKET
2024-04-05,0.042125,3348632.00,42551950.00,0.46,73.17,1.8919,-0.0173,0.6892,BULL_MARKET
2024-04-08,0.013234,1394790.00,41157160.00,0.47,69.02,-0.0693,-0.0329,0.6630,BULL_MARKET
2024-04-09,0.007032,1136016.00,42293176.00,0.46,69.12,-0.3325,-0.0321,0.6644,BULL_MARKET
2024-04-10,0.000603,1209319.00,41083857.00,0.46,67.48,-0.2749,-0.0378,0.6547,BULL_MARKET
2024-04-11,0.008580,1503683.00,42587540.00,0.45,69.69,0.0066,-0.0217,0.6823,BULL_MARKET
2024-04-12,-0.004824,1225400.00,41362140.00,0.45,64.51,-0.2845,-0.0394,0.6519,BULL_MARKET
2024-04-15,-0.023764,1464159.00,39897981.00,0.49,54.58,-0.0517,-0.0795,0.5829,BULL_MARKET
2024-04-16,-0.002375,999956.00,40897937.00,0.51,57.67,-0.5280,-0.0618,0.6133,BULL_MARKET
2024-04-17,0.006038,1535403.00,42433340.00,0.50,59.93,0.0016,-0.0482,0.6367,BULL_MARKET
2024-04-18,-0.005063,1642190.00,40791150.00,0.50,56.31,0.0893,-0.0635,0.6105,BULL_MARKET
2024-04-19,-0.000819,1731693.00,42522843.00,0.51,56.90,0.1626,-0.0602,0.6160,BULL_MARKET
2024-04-22,0.006382,1329930.00,43852773.00,0.49,59.27,-0.2717,-0.0474,0.6381,BULL_MARKET
2024-04-23,0.014034,1659870.00,45512643.00,0.50,62.85,0.0746,-0.0265,0.6740,BULL_MARKET
2024-04-24,0.013574,1876148.00,47388791.00,0.38,64.90,0.2893,-0.0137,0.6961,BULL_MARKET
2024-04-25,0.013661,1719737.00,49108528.00,0.38,66.98,0.1140,0.0000,0.7196,BULL_MARKET
2024-04-26,0.024196,2549563.00,51658091.00,0.39,71.66,0.9604,-0.0015,0.7804,BULL_MARKET
2024-04-29,0.002305,2228456.00,49429635.00,0.41,65.94,0.6004,-0.0269,0.7459,BULL_MARKET
2024-04-30,-0.010048,1314182.00,48115453.00,0.40,60.15,-0.3669,-0.0485,0.7072,BULL_MARKET
2024-05-01,0.004592,1648961.00,49764414.00,0.42,63.14,-0.0241,-0.0300,0.7403,BULL_MARKET
2024-05-02,0.002693,1774541.00,51538955.00,0.43,63.26,0.1017,-0.0293,0.7417,BULL_MARKET
2024-05-03,0.009604,1147150.00,52686105.00,0.40,65.85,-0.5455,-0.0131,0.7707,BULL_MARKET
2024-05-06,0.011774,2723227.00,55409332.00,0.38,67.94,1.0781,-0.0084,0.7956,BULL_MARKET
2024-05-07,0.089946,9171205.00,64580537.00,0.57,82.86,5.1642,-0.0327,1.1243,BULL_MARKET
2024-05-08,0.051112,4134371.00,68714908.00,0.61,83.52,1.6321,-0.0208,1.1506,BULL_MARKET
2024-05-09,0.032888,3355093.00,72070001.00,0.62,84.30,1.0708,-0.0063,1.1823,BULL_MARKET
2024-05-10,0.016444,3464260.00,72070001.00,0.63,84.30,1.1230,-0.0075,1.1823,BULL_MARKET
2024-05-13,0.007589,2473522.00,69596479.00,0.64,83.90,0.4205,-0.0193,1.1796,BULL_MARKET
2024-05-14,0.020005,2964440.00,72560919.00,0.67,85.80,0.7362,-0.0133,1.2514,BULL_MARKET
2024-05-15,0.031615,3526690.00,76087609.00,0.68,87.93,1.0876,-0.0012,1.3508,BULL_MARKET
2024-05-16,0.018152,2193212.00,78280821.00,0.68,88.15,0.1538,-0.0081,1.3619,BULL_MARKET
2024-05-17,0.018346,1696954.00,79977775.00,0.67,88.98,-0.2013,-0.0040,1.4061,BULL_MARKET
2024-05-20,0.014881,1562141.00,81539916.00,0.67,89.48,-0.3075,-0.0054,1.4337,BULL_MARKET
2024-05-21,0.024732,3883966.00,85423882.00,0.69,90.86,1.2621,-0.0141,1.5193,BULL_MARKET
2024-05-22,0.009617,1606391.00,83817491.00,0.70,88.84,-0.3158,-0.0237,1.5055,BULL_MARKET
2024-05-23,-0.023252,6312136.00,77505355.00,0.80,71.75,2.6622,-0.0770,1.3688,BULL_MARKET
2024-05-24,-0.008719,1789701.00,79295056.00,0.81,72.33,-0.2510,-0.0716,1.3826,BULL_MARKET
2024-05-28,-0.011659,2826486.00,76468570.00,0.66,68.55,0.4053,-0.0850,1.3481,BULL_MARKET
2024-05-29,-0.002020,1785514.00,78254084.00,0.64,69.45,-0.2746,-0.0780,1.3660,BULL_MARKET
2024-05-30,-0.020959,3068951.00,75185133.00,0.66,59.98,0.5317,-0.1141,1.2735,BULL_MARKET
2024-05-31,-0.014444,1882491.00,73302642.00,0.67,58.32,-0.2288,-0.1211,1.2555,BULL_MARKET
2024-06-03,-0.018681,2189979.00,71112663.00,0.69,53.75,-0.0276,-0.1410,1.2044,BULL_MARKET
2024-06-04,-0.019148,1879255.00,69233408.00,0.67,50.21,-0.2354,-0.1577,1.1616,BULL_MARKET
2024-06-05,0.018081,1840403.00,71073811.00,0.69,58.64,-0.2762,-0.1098,1.2845,BULL_MARKET
2024-06-06,0.004180,1404969.00,69668842.00,0.70,56.78,-0.5735,-0.1184,1.2624,BULL_MARKET
2024-06-07,0.012661,1853072.00,71521914.00,0.73,59.79,-0.2938,-0.0996,1.3108,BULL_MARKET
2024-06-10,-0.004546,2119673.00,69402241.00,0.73,55.51,-0.1302,-0.1189,1.2610,BULL_MARKET
2024-06-11,0.001682,1403542.00,70805783.00,0.71,56.71,-0.6121,-0.1119,1.2790,BULL_MARKET
2024-06-12,0.026821,2872467.00,73678250.00,0.75,63.85,0.3489,-0.0646,1.4006,BULL_MARKET
2024-06-13,-0.014695,1930150.00,71748100.00,0.69,53.58,-0.2981,-0.1157,1.2693,BULL_MARKET
2024-06-14,-0.019359,1838759.00,69909341.00,0.71,50.02,-0.3236,-0.1367,1.2155,BULL_MARKET
2024-06-17,-0.008745,1539911.00,71449252.00,0.68,50.30,-0.5163,-0.1351,1.2196,BULL_MARKET
2024-06-18,-0.019214,2943261.00,68505991.00,0.69,46.05,0.4856,-0.1604,1.1547,BEAR_MARKET
2024-06-20,-0.014438,2164280.00,66341711.00,0.66,44.75,-0.0993,-0.1685,1.1340,BEAR_RALLY
2024-06-21,-0.001747,3045738.00,69387449.00,0.66,46.59,0.5243,-0.1593,1.1575,BEAR_MARKET
2024-06-24,0.009893,2251154.00,71638603.00,0.64,50.16,-0.0740,-0.1410,1.2044,BEAR_RALLY
2024-06-25,0.018849,2506284.00,74144887.00,0.64,54.50,0.0969,-0.1168,1.2666,BEAR_RALLY
2024-06-26,0.009729,5121869.00,79266756.00,0.61,54.59,1.9274,-0.1163,1.2680,BEAR_RALLY
2024-06-27,0.031545,4224822.00,83491578.00,0.64,62.21,1.2285,-0.0678,1.3923,BEAR_RALLY
2024-06-28,0.025210,6449782.00,89941360.00,0.63,64.56,2.5754,-0.0501,1.4378,BULL_MARKET
2024-07-01,0.027948,2554065.00,92495425.00,0.64,68.11,-0.0516,-0.0205,1.5138,BULL_MARKET
2024-07-02,-0.007354,2533038.00,89962387.00,0.66,59.27,-0.0769,-0.0614,1.4088,BULL_MARKET
2024-07-03,-0.004825,1042967.00,88919420.00,0.61,58.83,-1.0770,-0.0635,1.4033,BULL_MARKET
2024-07-05,-0.002412,1650066.00,88919420.00,0.57,58.83,-0.6677,-0.0635,1.4033,BULL_MARKET
2024-07-08,-0.009318,2934579.00,85984841.00,0.61,55.54,0.1842,-0.0786,1.3646,BULL_MARKET
2024-07-09,-0.009649,1824388.00,84160453.00,0.64,53.58,-0.5677,-0.0877,1.3412,BULL_MARKET
2024-07-10,-0.014956,1908691.00,82251762.00,0.65,49.79,-0.5008,-0.1060,1.2942,BULL_MARKET
2024-07-11,0.011426,1958610.00,84210372.00,0.67,56.08,-0.4628,-0.0716,1.3826,BULL_MARKET
2024-07-12,0.017458,2489873.00,86700245.00,0.68,59.58,-0.1219,-0.0495,1.4392,BULL_MARKET
2024-07-15,0.049229,5923274.00,92623519.00,0.76,69.18,2.0657,-0.0031,1.6450,BULL_MARKET
2024-07-16,0.050561,3862805.00,96486324.00,0.80,73.77,0.6946,-0.0005,1.7859,BULL_MARKET
2024-07-17,0.027754,4245084.00,100731408.00,0.86,74.18,0.9064,-0.0343,1.7997,BULL_MARKET
2024-07-18,0.014123,4042608.00,104774016.00,0.86,74.22,0.7525,-0.0338,1.8011,BULL_MARKET
2024-07-19,0.013675,2558660.00,107332676.00,0.87,75.41,-0.1553,-0.0210,1.8384,BULL_MARKET
2024-07-22,0.018620,3128879.00,110461555.00,0.86,77.45,0.3209,-0.0017,1.9061,BULL_MARKET
2024-07-23,0.019891,3314733.00,113776288.00,0.85,79.16,0.4721,-0.0069,1.9682,BULL_MARKET
2024-07-24,-0.033793,4692893.00,109083395.00,0.95,59.69,1.5357,-0.0901,1.7196,BULL_MARKET
2024-07-25,-0.001888,3189488.00,112272883.00,1.01,62.96,0.3319,-0.0624,1.8025,BULL_MARKET
2024-07-26,0.025454,2454334.00,114727217.00,1.03,68.07,-0.2425,-0.0116,1.9544,BULL_MARKET
2024-07-29,0.001379,2451462.00,112275755.00,1.05,63.93,-0.2285,-0.0337,1.8881,BULL_MARKET
2024-07-30,0.002360,2558666.00,114834421.00,1.07,64.27,-0.1494,-0.0305,1.8978,BULL_MARKET
2024-07-31,0.011558,5105301.00,119939722.00,1.09,66.42,1.7769,-0.0192,1.9586,BULL_MARKET
2024-08-01,0.062435,10965656.00,130905378.00,1.32,75.65,4.6566,-0.0603,2.3135,BULL_MARKET
2024-08-02,0.010363,5748708.00,125156670.00,1.38,67.98,1.5490,-0.0987,2.1782,BULL_MARKET
2024-08-05,-0.018399,3552749.00,121603921.00,1.53,60.80,0.2727,-0.1402,2.0318,BULL_MARKET
2024-08-06,0.016117,3289148.00,124893069.00,1.57,65.07,0.1616,-0.0956,2.1892,BULL_MARKET
2024-08-07,-0.003774,3918018.00,120975051.00,1.59,61.64,0.5129,-0.1167,2.1146,BULL_MARKET
2024-08-08,0.019384,2626403.00,123601454.00,1.64,65.22,-0.2574,-0.0783,2.2500,BULL_MARKET
2024-08-09,0.012447,2616212.00,126217666.00,1.65,65.68,-0.2749,-0.0732,2.2680,BULL_MARKET
2024-08-12,-0.007705,3345879.00,122871787.00,1.70,61.33,0.1604,-0.0987,2.1782,BULL_MARKET
2024-08-13,0.013236,2469580.00,125341367.00,1.65,64.45,-0.3747,-0.0674,2.2887,BULL_MARKET
2024-08-14,0.004724,3046804.00,122294563.00,1.64,63.83,-0.0369,-0.0709,2.2762,BULL_MARKET
2024-08-15,0.014852,3800208.00,126094771.00,1.62,66.18,0.3973,-0.0474,2.3591,BULL_MARKET
2024-08-16,0.014571,3104500.00,129199271.00,1.62,67.50,-0.0410,-0.0337,2.4075,BULL_MARKET
2024-08-19,-0.001507,2369844.00,126829427.00,1.57,64.18,-0.5068,-0.0505,2.3481,BULL_MARKET
2024-08-20,0.003355,2205644.00,129035071.00,1.56,65.04,-0.6145,-0.0427,2.3757,BULL_MARKET
2024-08-21,-0.011590,2680328.00,126354743.00,1.34,60.05,-0.3286,-0.0678,2.2670,BULL_MARKET
2024-08-22,-0.008534,1267200.00,125087543.00,1.20,59.06,-1.2027,-0.0729,2.2095,BULL_MARKET
2024-08-23,0.022867,2299196.00,127386739.00,1.08,65.32,-0.5540,-0.0212,2.3885,BULL_MARKET
2024-08-26,0.013430,2357327.00,129744066.00,0.99,65.74,-0.5252,-0.0172,2.4020,BULL_MARKET
2024-08-27,0.014427,1813460.00,131557526.00,0.97,67.43,-0.8622,-0.0089,2.4549,BULL_MARKET
2024-08-28,0.001292,2098099.00,129459427.00,0.95,64.79,-0.6967,-0.0304,2.4142,BULL_MARKET
2024-08-29,0.015707,2368393.00,131827820.00,0.95,68.23,-0.5195,-0.0015,2.5186,BULL_MARKET
2024-08-30,0.016639,3574699.00,135402519.00,0.92,70.11,0.2149,0.0000,2.5810,BULL_MARKET
2024-09-03,-0.007842,3148782.00,132253737.00,0.92,62.81,-0.0526,-0.0333,2.4671,BULL_MARKET
2024-09-04,-0.017599,1300775.00,130952962.00,0.92,57.51,-1.1833,-0.0594,2.3736,BULL_MARKET
2024-09-05,0.029301,12344643.00,143297605.00,1.03,66.26,4.3425,-0.0197,2.6407,BULL_MARKET
2024-09-06,-0.019846,5370747.00,137926858.00,1.11,55.15,0.9483,-0.0851,2.3980,BULL_MARKET
2024-09-09,0.002881,5171109.00,143097967.00,1.16,57.91,0.8375,-0.0613,2.4861,BULL_MARKET
2024-09-10,-0.012962,2698162.00,140399805.00,1.21,53.89,-0.3257,-0.0880,2.3871,BULL_MARKET
2024-09-11,0.017170,2456037.00,142855842.00,1.25,58.97,-0.4438,-0.0438,2.5512,BULL_MARKET
2024-09-12,0.023259,2154530.00,145010372.00,1.28,61.88,-0.5875,-0.0153,2.6569,BULL_MARKET
2024-09-13,0.021723,2278938.00,147289310.00,1.23,63.83,-0.5440,-0.0033,2.7315,BULL_MARKET
2024-09-16,0.005565,2122621.00,145166689.00,1.22,62.03,-0.6285,-0.0180,2.6922,BULL_MARKET
2024-09-17,0.006624,2232323.00,147399012.00,1.17,62.85,-0.5653,-0.0105,2.7207,BULL_MARKET
2024-09-18,0.005856,2348951.00,149747963.00,1.16,63.41,-0.5143,-0.0209,2.7397,BULL_MARKET
2024-09-19,0.017577,4345948.00,154093911.00,1.22,66.62,0.4585,-0.0301,2.8508,BULL_MARKET
2024-09-20,0.018206,6635094.00,160729005.00,1.24,68.57,1.5277,-0.0116,2.9241,BULL_MARKET
2024-09-23,0.017498,3525661.00,164254666.00,1.21,70.27,-0.0088,-0.0137,2.9905,BULL_MARKET
2024-09-24,0.022325,4398904.00,168653570.00,1.24,72.88,0.4413,-0.0003,3.1003,BULL_MARKET
2024-09-25,0.000973,3451421.00,165202149.00,1.11,68.04,-0.0266,-0.0276,3.0176,BULL_MARKET
2024-09-26,0.002507,4263164.00,169465313.00,1.14,68.48,0.3777,-0.0735,3.0339,BULL_MARKET
2024-09-27,-0.002796,2263442.00,167201871.00,1.13,66.49,-0.5993,-0.0810,3.0014,BULL_MARKET
2024-09-30,0.003995,2866033.00,170067904.00,1.13,67.83,-0.3033,-0.0710,3.0447,BULL_MARKET
2024-10-01,-0.000860,1702516.00,168365388.00,1.09,66.31,-0.8616,-0.0763,3.0217,BULL_MARKET
2024-10-02,0.001924,2178288.00,170543676.00,1.12,66.97,-0.6131,-0.0719,3.0407,BULL_MARKET
2024-10-03,0.002303,3267220.00,173810896.00,1.15,67.36,-0.0636,-0.0694,3.0515,BULL_MARKET
2024-10-04,0.020195,1996423.00,175807319.00,1.20,72.46,-0.6763,-0.0333,3.2088,BULL_MARKET
2024-10-07,-0.000649,2125662.00,173681657.00,1.23,66.13,-0.6085,-0.0539,3.1193,BULL_MARKET
2024-10-08,0.023145,2395771.00,176077428.00,1.28,71.96,-0.4753,-0.0084,3.3173,BULL_MARKET
2024-10-09,0.031430,6122922.00,182200350.00,1.32,75.91,1.2976,-0.0296,3.4922,BULL_MARKET
2024-10-10,-0.012695,4480092.00,177720258.00,1.39,62.47,0.5124,-0.0832,3.2441,BULL_MARKET
2024-10-11,-0.000472,5893506.00,183613764.00,1.54,63.87,1.4313,-0.0723,3.2942,BULL_MARKET
2024-10-14,-0.009960,2942937.00,180670827.00,1.55,59.92,-0.1830,-0.0902,3.2115,BULL_MARKET
2024-10-15,0.012266,5207774.00,185878601.00,1.61,64.18,1.0700,-0.0583,3.3593,BULL_MARKET
2024-10-16,-0.013048,2425251.00,183453350.00,1.52,56.94,-0.4789,-0.0937,3.1953,BULL_MARKET
2024-10-17,-0.021950,2385136.00,181068214.00,1.52,52.04,-0.4836,-0.1213,3.0678,BULL_MARKET
2024-10-18,-0.047261,6749868.00,174318346.00,1.60,43.10,1.8434,-0.1828,2.7831,BULL_MARKET
2024-10-21,-0.042066,5993833.00,168324513.00,1.64,39.58,1.3739,-0.2124,2.6461,BULL_CORRECTION
2024-10-22,-0.030228,2989897.00,165334616.00,1.63,37.96,-0.2139,-0.2267,2.5797,BULL_CORRECTION
2024-10-23,-0.021212,3611079.00,161723537.00,1.63,36.90,0.1032,-0.2361,2.5363,BULL_CORRECTION
2024-10-24,-0.009648,2207931.00,163931468.00,1.61,37.19,-0.6304,-0.2346,2.5431,BULL_CORRECTION
2024-10-25,0.007088,3236933.00,167168401.00,1.62,40.95,-0.0802,-0.2162,2.6285,BULL_CORRECTION
2024-10-28,0.008933,2830322.00,169998723.00,1.56,42.65,-0.2923,-0.2077,2.6678,BULL_CORRECTION
2024-10-29,0.026701,2915980.00,172914703.00,1.53,49.31,-0.2534,-0.1716,2.8346,BULL_MARKET
2024-10-30,0.029528,3821598.00,176736301.00,1.50,53.69,0.2102,-0.1444,2.8947,BULL_MARKET
2024-10-31,-0.012136,2625054.00,174111247.00,1.40,46.56,-0.4255,-0.1892,2.6517,BULL_CORRECTION
2024-11-01,-0.002289,1795811.00,175907058.00,1.34,47.59,-0.8771,-0.1831,2.6553,BULL_CORRECTION
2024-11-04,-0.009642,2260760.00,173646298.00,1.28,45.48,-0.6279,-0.1968,2.5843,BULL_CORRECTION
2024-11-05,0.023535,4720864.00,178367162.00,1.31,53.10,0.6615,-0.1500,2.7935,BULL_MARKET
2024-11-06,0.058608,3910314.00,182277476.00,1.44,63.02,0.2078,-0.0665,3.1660,BULL_MARKET
2024-11-07,0.065168,5050659.00,187328135.00,1.45,68.91,0.7895,-0.0067,3.4758,BULL_MARKET
2024-11-08,0.051779,6276987.00,193605122.00,1.46,71.66,1.3855,-0.0103,3.6510,BULL_MARKET
2024-11-11,0.041931,10434444.00,204039566.00,1.56,73.82,3.1414,-0.0382,3.8026,BULL_MARKET
2024-11-12,-0.110952,19667904.00,184371662.00,2.12,46.07,5.0733,-0.2613,2.6889,BULL_CORRECTION
2024-11-13,-0.287017,45374667.00,138996995.00,2.86,30.78,6.1939,-0.5351,1.3216,BEAR_MARKET
2024-11-14,-0.154611,34435031.00,104561964.00,2.99,30.37,3.7889,-0.5453,1.2706,BEAR_MARKET
2024-11-15,-0.071297,25433628.00,129995592.00,3.18,30.90,2.4040,-0.5398,1.2980,BEAR_MARKET
2024-11-18,0.018225,19038681.00,149034273.00,3.23,35.88,1.5458,-0.4874,1.5595,BEAR_MARKET
2024-11-19,0.067834,14872886.00,163907159.00,3.30,41.42,1.0089,-0.4236,1.8784,BEAR_MARKET
2024-11-20,0.058074,24989968.00,188897127.00,3.45,43.76,2.0650,-0.3950,2.0209,BEAR_MARKET
2024-11-21,-0.001979,11737070.00,177160057.00,3.54,41.49,0.5366,-0.4314,1.8392,BEAR_MARKET
2024-11-22,0.013978,10581191.00,187741248.00,3.62,43.00,0.3869,-0.4141,1.9255,BEAR_MARKET
2024-11-25,-0.018446,11127975.00,176613273.00,3.64,41.08,0.4292,-0.4432,1.7804,BEAR_MARKET
2024-11-26,-0.039007,9760274.00,166852999.00,3.57,38.99,0.2569,-0.4754,1.6196,BEAR_MARKET
2024-11-27,-0.015527,8328768.00,175181767.00,3.45,39.42,0.0798,-0.4712,1.6405,BEAR_MARKET
2024-11-29,0.018749,5669623.00,180851390.00,3.44,42.43,-0.2285,-0.4424,1.7843,BEAR_MARKET
2024-12-02,0.069256,15765061.00,196616451.00,3.52,49.14,0.9024,-0.3715,2.1386,BEAR_MARKET
2024-12-03,0.032959,12099727.00,184516724.00,3.10,48.95,0.4655,-0.3736,2.1281,BEAR_MARKET
2024-12-04,0.063888,13797817.00,198314541.00,2.56,54.35,0.6360,-0.3113,2.4392,BEAR_MARKET
2024-12-05,0.021963,9354237.00,188960304.00,2.47,53.03,0.1179,-0.3249,2.3712,BEAR_MARKET
2024-12-06,0.018486,6105136.00,195065440.00,2.33,53.93,-0.2570,-0.3147,2.4222,BEAR_MARKET
2024-12-09,-0.056160,11972332.00,183093108.00,2.39,46.08,0.3919,-0.3987,2.0026,BEAR_MARKET
2024-12-10,-0.062079,9790132.00,173302976.00,2.35,42.92,0.1266,-0.4382,1.8052,BEAR_MARKET
2024-12-11,-0.029411,8553002.00,181855978.00,2.16,43.11,-0.0316,-0.4364,1.8144,BEAR_MARKET
2024-12-12,-0.010082,6838867.00,188694845.00,2.13,43.70,-0.2422,-0.4312,1.7717,BEAR_MARKET
2024-12-13,0.008353,5929834.00,194624679.00,2.10,45.51,-0.3553,-0.4157,1.8469,BEAR_MARKET
2024-12-16,-0.013841,5967244.00,188657435.00,2.04,43.50,-0.3622,-0.4364,1.7462,BEAR_MARKET
2024-12-17,-0.035350,6904098.00,181753337.00,2.01,40.59,-0.2650,-0.4675,1.5944,BEAR_MARKET
2024-12-18,-0.042882,8081814.00,173671523.00,2.07,38.28,-0.1402,-0.4937,1.4668,BEAR_MARKET
2024-12-19,-0.028470,7833125.00,165838398.00,2.06,37.66,-0.1741,-0.5008,1.4324,BEAR_MARKET
2024-12-20,-0.005657,8653610.00,174492008.00,1.87,38.97,-0.0866,-0.4921,1.4745,BEAR_MARKET
2024-12-23,-0.020402,5595247.00,168896761.00,1.72,37.26,-0.4510,-0.5097,1.3890,BEAR_MARKET
2024-12-24,-0.009934,3115951.00,172012712.00,1.51,37.30,-0.7476,-0.5094,1.3903,BEAR_MARKET
2024-12-26,0.001132,4232699.00,176245411.00,1.46,38.38,-0.6111,-0.5034,1.4196,BEAR_MARKET
2024-12-27,-0.034929,10786824.00,165458587.00,1.48,34.75,0.1516,-0.5374,1.2538,BEAR_MARKET
2024-12-30,-0.006549,5776608.00,171235195.00,1.31,36.68,-0.4606,-0.5272,1.3036,BEAR_MARKET
2024-12-31,-0.005216,6754644.00,164480551.00,1.25,36.47,-0.3426,-0.5291,1.2946,BEAR_MARKET
2025-01-02,0.017814,5249836.00,169730387.00,1.28,40.39,-0.5220,-0.5094,1.3903,BEAR_MARKET
2025-01-03,0.005426,5094056.00,164636331.00,1.25,39.93,-0.5477,-0.5128,1.3737,BEAR_MARKET
2025-01-06,0.012557,3589243.00,168225574.00,1.22,41.96,-0.7298,-0.5031,1.3965,BEAR_MARKET
2025-01-07,-0.015254,3733588.00,164491986.00,1.23,38.90,-0.7181,-0.5241,1.2320,BEAR_MARKET
2025-01-08,0.000557,4168795.00,168660781.00,1.20,40.65,-0.6686,-0.5162,1.1831,BEAR_MARKET
2025-01-10,-0.031847,4657310.00,164003471.00,1.15,36.36,-0.6157,-0.5463,1.0412,BEAR_MARKET
2025-01-13,-0.020561,4439295.00,159564176.00,1.12,35.79,-0.6478,-0.5505,0.9600,BEAR_MARKET
2025-01-14,-0.009408,2720197.00,162284373.00,1.10,36.00,-0.8535,-0.5497,0.9635,BEAR_MARKET
2025-01-15,0.014962,5108029.00,167392402.00,1.11,40.60,-0.5706,-0.5317,1.0422,BEAR_MARKET
2025-01-16,0.032555,5183787.00,172576189.00,1.16,46.17,-0.5733,-0.5076,1.1473,BEAR_MARKET
2025-01-17,0.010126,4282946.00,168293243.00,1.17,45.03,-0.6923,-0.5136,1.0141,BEAR_MARKET
2025-01-21,0.016766,3585088.00,171878331.00,1.09,47.68,-0.7744,-0.5021,1.0342,BEAR_MARKET
2025-01-22,0.004689,5006896.00,166871435.00,1.05,46.91,-0.6024,-0.5058,1.0193,BEAR_MARKET
2025-01-23,-0.001110,3334013.00,163537422.00,1.02,46.16,-0.8030,-0.5092,1.0053,BEAR_MARKET
2025-01-24,-0.005378,2721908.00,160815514.00,0.96,45.08,-0.8648,-0.5139,0.9861,BEAR_MARKET
2025-01-27,-0.005118,4389031.00,156426483.00,0.97,44.52,-0.6426,-0.5162,0.9765,BEAR_MARKET
2025-01-28,-0.014054,4480579.00,151945904.00,0.95,41.91,-0.6013,-0.5272,0.9316,BEAR_MARKET
2025-01-29,-0.008413,4424271.00,147521633.00,0.90,41.60,-0.6548,-0.5285,0.9262,BEAR_MARKET
2025-01-30,0.004327,3011296.00,150532929.00,0.87,44.37,-0.9586,-0.5204,0.9594,BEAR_MARKET
2025-01-31,0.002981,2544316.00,153077245.00,0.83,44.65,-1.0898,-0.5196,0.9626,BEAR_MARKET
2025-02-03,-0.002888,3090702.00,149986543.00,0.84,43.42,-0.9562,-0.5238,0.9455,BEAR_MARKET
2025-02-04,0.004838,2584688.00,152571231.00,0.84,45.73,-1.0434,-0.5178,0.9701,BEAR_MARKET
2025-02-05,0.012097,2670846.00,155242077.00,0.81,49.22,-1.1607,-0.5084,1.0086,BEAR_MARKET
2025-02-06,0.060960,8551353.00,163793430.00,0.87,64.24,0.6938,-0.4513,1.2417,BEAR_RALLY
2025-02-07,0.037115,6946919.00,170740349.00,0.87,65.64,0.2127,-0.4440,1.2717,BEAR_RALLY
2025-02-10,0.028348,8656434.00,179396783.00,0.91,67.69,0.7947,-0.4330,1.3166,BEAR_RALLY
2025-02-11,-0.010429,5294993.00,174101790.00,0.97,58.40,-0.2841,-0.4602,1.2053,BEAR_RALLY
2025-02-12,0.011243,3914184.00,178015974.00,1.03,62.11,-0.7145,-0.4421,1.2791,BEAR_RALLY
2025-02-13,0.052188,9288883.00,187304857.00,1.18,70.63,1.0394,-0.3877,1.5016,BEAR_RALLY
2025-02-14,0.028227,7379877.00,194684734.00,1.14,70.97,0.5213,-0.3851,1.4092,BEAR_RALLY
2025-02-18,0.039025,11202044.00,205886778.00,1.32,74.73,1.9633,-0.3537,1.4877,BEAR_RALLY
2025-02-19,-0.014203,5729435.00,200157343.00,1.45,62.95,-0.0231,-0.3958,1.3254,BEAR_RALLY
2025-02-20,-0.021162,6722490.00,193434853.00,1.53,58.97,0.4157,-0.4126,1.2610,BEAR_RALLY
2025-02-21,-0.050213,8635144.00,184799709.00,1.72,49.90,1.1810,-0.4573,1.0866,BEAR_RALLY
2025-02-24,-0.003857,9276888.00,194076597.00,1.81,53.92,1.5401,-0.4338,1.1706,BEAR_RALLY
2025-02-25,-0.026323,13438201.00,180638396.00,1.89,49.07,3.0770,-0.4607,1.0672,BEAR_RALLY
2025-02-26,-0.087051,22480455.00,158157941.00,2.08,38.75,4.8375,-0.5348,0.7832,BASE
2025-02-27,-0.076076,13252900.00,144905041.00,2.05,35.57,1.9928,-0.5641,0.6708,BEAR_MARKET
2025-02-28,-0.021498,8671821.00,153576862.00,2.12,38.30,0.6780,-0.5495,0.7270,BEAR_MARKET
2025-03-03,-0.029697,8402297.00,145174565.00,2.16,36.40,0.5863,-0.5662,0.6628,BEAR_MARKET
2025-03-04,-0.006174,8758497.00,153933062.00,2.18,37.90,0.6730,-0.5586,0.6919,BEAR_MARKET
2025-03-05,0.005149,5023953.00,158957015.00,2.14,39.39,-0.3539,-0.5513,0.7200,BEAR_MARKET
2025-03-06,-0.030279,7652654.00,151304361.00,2.06,35.79,0.3826,-0.5798,0.6106,BEAR_MARKET
2025-03-07,-0.022356,6851141.00,144453220.00,2.09,35.06,0.1691,-0.5859,0.5836,BEAR_MARKET
2025-03-10,-0.071217,9926621.00,134526599.00,2.03,29.96,0.9991,-0.6327,0.4044,BEAR_MARKET
2025-03-11,-0.026427,6362416.00,140889015.00,1.92,31.52,-0.0108,-0.6259,0.4219,BEAR_MARKET
2025-03-12,-0.004542,5842286.00,146731301.00,1.88,33.06,-0.1663,-0.6194,0.4468,BEAR_MARKET
2025-03-13,-0.032025,7492869.00,139238432.00,1.72,30.57,0.3216,-0.6414,0.3526,BEAR_MARKET
2025-03-14,-0.005896,7210140.00,146448572.00,1.62,32.40,0.2326,-0.6340,0.3802,BEAR_MARKET
2025-03-17,0.014277,6111006.00,152559578.00,1.57,35.60,-0.0777,-0.6212,0.4286,BEAR_MARKET
2025-03-18,-0.014397,4858653.00,147700925.00,1.39,33.47,-0.4327,-0.6372,0.3683,BEAR_MARKET
2025-03-19,0.011217,3304778.00,151005703.00,1.30,36.93,-0.8605,-0.6236,0.3988,BEAR_MARKET
2025-03-20,0.006997,2775558.00,153781261.00,1.21,37.20,-1.0019,-0.6225,0.4000,BEAR_MARKET
2025-03-21,0.003845,3381942.00,157163203.00,1.12,37.27,-0.8273,-0.6223,0.4010,BEAR_MARKET
2025-03-24,0.042823,4963212.00,162126415.00,1.10,45.58,-0.3868,-0.5901,0.5204,BEAR_MARKET
2025-03-25,0.023641,3651417.00,165777832.00,1.07,46.01,-0.7492,-0.5882,0.5272,BEAR_MARKET
2025-03-26,-0.008286,4011415.00,161766417.00,1.03,42.73,-0.6445,-0.6045,0.4670,BEAR_MARKET
2025-03-27,-0.029250,3460114.00,158306303.00,0.99,39.15,-0.8068,-0.6238,0.3951,BEAR_MARKET
2025-03-28,-0.036313,4613517.00,153692786.00,0.89,36.43,-0.4778,-0.6398,0.3359,BEAR_MARKET
2025-03-31,-0.025477,4069631.00,149623155.00,0.88,35.56,-0.6231,-0.6450,0.3165,BEAR_MARKET
2025-04-01,0.004298,3238882.00,152862037.00,0.84,39.24,-0.8473,-0.6327,0.3621,BEAR_MARKET
2025-04-02,0.020002,3720367.00,156582404.00,0.85,43.03,-0.7136,-0.6194,0.4117,BEAR_MARKET
2025-04-03,-0.040240,5529273.00,151053131.00,0.90,36.36,-0.2100,-0.6558,0.2572,BEAR_MARKET
2025-04-04,-0.061728,6725260.00,144327871.00,0.93,32.29,0.1071,-0.6832,0.0770,BEAR_MARKET
2025-04-07,-0.038358,9614451.00,134713420.00,0.99,31.64,0.8862,-0.6880,0.0906,BEAR_MARKET
2025-04-08,-0.031494,4913272.00,129800148.00,1.04,30.56,-0.4482,-0.6955,0.0640,BEAR_MARKET
2025-04-09,0.035297,15356005.00,145156153.00,1.13,40.02,2.3200,-0.6628,0.1784,BEAR_MARKET
2025-04-10,-0.029968,4920046.00,140236107.00,1.20,35.19,-0.4842,-0.6935,0.0714,BEAR_MARKET
2025-04-11,-0.000258,3399530.00,143635637.00,1.15,37.61,-0.8968,-0.6843,0.1034,BEAR_MARKET
2025-04-14,-0.006387,3079619.00,140556018.00,1.20,36.97,-0.9888,-0.6882,0.0897,BEAR_MARKET
2025-04-15,-0.000263,3042092.00,143598110.00,1.16,37.51,-0.9984,-0.6864,0.0961,BEAR_MARKET
2025-04-16,-0.027142,4930729.00,138667381.00,1.16,34.67,-0.5063,-0.7029,0.0384,BEAR_MARKET
2025-04-17,-0.008749,2337505.00,141004886.00,1.13,35.58,-1.2096,-0.7000,0.0485,BEAR_MARKET
2025-04-21,-0.023950,4435337.00,136569549.00,1.12,33.55,-0.6150,-0.7115,0.0309,BEAR_MARKET
2025-04-22,0.001013,3098539.00,139668088.00,1.12,36.14,-0.9487,-0.7039,0.0580,BEAR_MARKET
2025-04-23,0.033438,4530779.00,144198867.00,1.13,42.54,-0.5407,-0.6838,0.1300,BEAR_MARKET
2025-04-24,0.036202,3111488.00,147310355.00,1.06,46.16,-0.9047,-0.6712,0.1749,BEAR_MARKET
2025-04-25,0.040673,3793242.00,151103597.00,1.02,50.24,-0.7214,-0.6560,0.2292,BEAR_MARKET
2025-04-28,0.030133,4851209.00,155954806.00,0.93,51.99,-0.4165,-0.6492,0.2535,BEAR_MARKET
2025-04-29,0.016929,2496163.00,158450969.00,0.85,52.34,-1.0123,-0.6479,0.2582,BEAR_MARKET
2025-04-30,-0.006248,3368120.00,155082849.00,0.78,49.33,-0.7478,-0.6581,0.2217,BEAR_MARKET
2025-05-01,0.013073,8224273.00,163307122.00,0.76,52.57,0.5433,-0.6469,0.2619,BEAR_MARKET
2025-05-02,0.013530,10281018.00,173588140.00,0.78,53.97,1.0635,-0.6419,0.2797,BEAR_MARKET
2025-05-05,-0.002085,5028552.00,168559588.00,0.77,51.89,-0.3108,-0.6482,0.2572,BEAR_MARKET
2025-05-06,-0.013472,3719988.00,164839600.00,0.78,49.08,-0.6310,-0.6568,0.2264,BEAR_MARKET
2025-05-07,-0.003315,3036809.00,167876409.00,0.75,49.88,-0.7843,-0.6545,0.2348,BEAR_MARKET
2025-05-08,0.002492,4799338.00,172675747.00,0.75,50.89,-0.2647,-0.6516,0.2451,BEAR_MARKET
2025-05-09,0.002746,2889244.00,175564991.00,0.73,51.27,-0.9590,-0.6505,0.2488,BEAR_MARKET
2025-05-12,0.036443,6270613.00,181835604.00,0.77,59.54,0.4021,-0.6251,0.3396,BEAR_RALLY
2025-05-13,0.038409,4021054.00,185856658.00,0.74,63.59,-0.4727,-0.6097,0.3948,BEAR_RALLY
2025-05-14,0.008357,3497032.00,182359626.00,0.72,60.08,-0.6548,-0.6181,0.3648,BEAR_RALLY
2025-05-15,-0.018609,3613002.00,178746624.00,0.72,53.60,-0.5928,-0.6351,0.3040,BEAR_RALLY
2025-05-16,-0.008946,3363985.00,182110609.00,0.70,53.69,-0.6652,-0.6348,0.3050,BEAR_RALLY
2025-05-19,-0.010241,3741694.00,178368915.00,0.74,52.09,-0.4840,-0.6390,0.2900,BEAR_RALLY
2025-05-20,-0.009490,2846741.00,175522174.00,0.71,50.86,-0.8314,-0.6421,0.2788,BEAR_RALLY
2025-05-21,-0.024517,2749306.00,172772868.00,0.67,45.75,-0.8404,-0.6560,0.2292,BASE
2025-05-22,-0.007336,2358381.00,175131249.00,0.62,47.15,-0.9728,-0.6526,0.2413,BASE
2025-05-23,-0.010497,2589995.00,172541254.00,0.59,45.40,-0.8381,-0.6573,0.2245,BASE
2025-05-27,0.012758,3446869.00,175988123.00,0.60,50.66,-0.4383,-0.6448,0.2694,BASE
2025-05-28,0.003793,2791806.00,173196317.00,0.60,49.91,-0.6976,-0.6466,0.2629,BASE
2025-05-29,-0.013524,3235273.00,169961044.00,0.63,45.62,-0.4872,-0.6573,0.2245,BASE
2025-05-30,-0.004856,4405384.00,174366428.00,0.62,46.23,0.0171,-0.6560,0.2292,BASE
2025-06-02,-0.010483,6531337.00,167835091.00,0.59,44.00,0.9165,-0.6615,0.2095,BASE
2025-06-03,0.003954,3718736.00,171553827.00,0.56,47.13,-0.3204,-0.6552,0.2320,BASE
2025-06-04,0.003115,3242967.00,174796794.00,0.55,47.53,-0.5131,-0.6545,0.2348,BASE
2025-06-05,0.017952,6775088.00,181571882.00,0.56,53.06,0.9979,-0.6429,0.2760,BASE
2025-06-06,0.018777,4087876.00,185659758.00,0.56,56.12,-0.1694,-0.6359,0.3012,BASE
2025-06-09,-0.001881,4865015.00,180794743.00,0.54,51.93,0.1561,-0.6440,0.2722,BASE
2025-06-10,-0.017384,3814245.00,176980498.00,0.55,46.62,-0.2937,-0.6555,0.2311,BASE
2025-06-11,-0.020611,2587670.00,174392828.00,0.55,43.26,-0.8087,-0.6636,0.2021,BEAR_MARKET
2025-06-12,-0.014997,3407266.00,170985562.00,0.53,42.00,-0.4566,-0.6668,0.1908,BEAR_MARKET
2025-06-13,-0.030403,4736785.00,166248777.00,0.54,36.55,0.1093,-0.6817,0.1375,BEAR_MARKET
2025-06-16,0.002571,4989664.00,171238441.00,0.54,42.73,0.2237,-0.6702,0.1787,BEAR_MARKET
2025-06-17,-0.000304,4193451.00,167044990.00,0.54,42.33,-0.1003,-0.6712,0.1749,BEAR_MARKET
2025-06-18,0.001041,2969349.00,170014339.00,0.51,42.76,-0.6084,-0.6704,0.1777,BEAR_MARKET
2025-06-20,0.059985,17994839.00,188009178.00,0.66,60.03,4.6407,-0.6288,0.3265,BULL_MARKET
2025-06-23,0.115063,39504388.00,227513566.00,0.85,74.00,6.2665,-0.5599,0.5725,BULL_MARKET
2025-06-24,0.036885,21477642.00,206035924.00,0.98,67.44,2.7021,-0.5777,0.5089,BULL_MARKET
2025-06-25,-0.017207,14760444.00,191275480.00,1.06,58.34,1.5033,-0.6068,0.4051,BULL_MARKET
2025-06-26,0.001937,12591997.00,203867477.00,1.08,60.02,1.1044,-0.5984,0.4350,BULL_MARKET
2025-06-27,-0.006585,14915775.00,188951702.00,1.15,58.20,1.4159,-0.6045,0.4135,BULL_MARKET
2025-06-30,0.009127,13912483.00,202864185.00,1.19,60.33,1.2095,-0.5945,0.4490,BULL_MARKET
2025-07-01,-0.006864,10181210.00,192682975.00,1.23,57.43,0.5998,-0.6037,0.4163,BULL_MARKET
2025-07-02,-0.002772,7585647.00,200268622.00,1.22,57.56,0.1829,-0.6031,0.4181,BULL_MARKET
2025-07-03,0.008088,5761098.00,206029720.00,1.26,59.43,-0.1121,-0.5955,0.4453,BULL_MARKET
2025-07-07,-0.015087,9222999.00,196806721.00,1.27,54.28,0.4175,-0.6107,0.3910,BULL_MARKET
2025-07-08,-0.003192,6474868.00,203281589.00,1.26,55.21,-0.0252,-0.6073,0.4032,BULL_MARKET
2025-07-09,0.006013,10156585.00,213438174.00,1.29,56.90,0.5349,-0.6013,0.4247,BULL_MARKET
2025-07-10,-0.006606,6768004.00,206670170.00,1.30,54.13,-0.0051,-0.6089,0.3976,BULL_MARKET
2025-07-11,-0.035795,11317428.00,195352742.00,1.21,46.29,0.6845,-0.6335,0.3096,BULL_MARKET
2025-07-14,-0.012923,6734690.00,202087432.00,1.00,47.51,-0.0489,-0.6298,0.3227,BULL_MARKET
2025-07-15,-0.010010,7326267.00,194761165.00,0.89,46.69,0.0475,-0.6325,0.3134,BULL_MARKET
2025-07-16,0.027064,11392082.00,206153247.00,0.85,54.52,0.6860,-0.6081,0.4004,BULL_MARKET
2025-07-17,0.043667,15187875.00,221341122.00,0.86,60.72,1.2350,-0.5838,0.4874,BULL_MARKET
2025-07-18,0.012310,10201519.00,211139603.00,0.81,57.98,0.4394,-0.5916,0.4593,BULL_MARKET
2025-07-21,0.007115,12312351.00,223451954.00,0.79,58.18,0.7387,-0.5908,0.4621,BULL_MARKET
2025-07-22,0.003238,9815762.00,213636192.00,0.76,58.08,0.3347,-0.5911,0.4612,BULL_MARKET
2025-07-23,0.030838,10148122.00,223784314.00,0.81,64.35,0.3655,-0.5665,0.5491,BULL_MARKET
2025-07-24,-0.005231,8751352.00,215032962.00,0.82,57.72,0.1393,-0.5840,0.4864,BULL_MARKET
2025-07-25,0.002082,5380988.00,220413950.00,0.80,58.75,-0.3933,-0.5801,0.5005,BULL_MARKET
2025-07-28,0.001353,5059393.00,225473343.00,0.80,58.82,-0.4499,-0.5798,0.5014,BULL_MARKET
2025-07-29,-0.017404,5889762.00,219583581.00,0.80,53.15,-0.3276,-0.5948,0.4481,BULL_MARKET
2025-07-30,-0.006124,4866577.00,224450158.00,0.80,53.82,-0.4953,-0.5927,0.4556,BULL_MARKET
2025-07-31,-0.000179,8432912.00,232883070.00,0.78,54.61,0.0546,-0.5903,0.4640,BULL_MARKET
2025-08-01,-0.018640,8155891.00,224727179.00,0.82,48.91,-0.0064,-0.6052,0.4107,BULL_MARKET
2025-08-04,0.014000,5322833.00,230050012.00,0.84,55.26,-0.4710,-0.5864,0.4780,BULL_MARKET
2025-08-05,0.009210,13819806.00,243869818.00,0.81,55.84,0.8620,-0.5846,0.4846,BULL_MARKET
2025-08-06,0.125973,47365267.00,291235085.00,1.04,76.29,4.6355,-0.4704,0.8924,BULL_MARKET
2025-08-07,0.046658,21982690.00,269252395.00,1.17,71.01,1.4680,-0.4874,0.8316,BULL_MARKET
2025-08-08,0.001138,13112623.00,256139772.00,1.19,64.70,0.3816,-0.5097,0.7521,BULL_MARKET
2025-08-11,-0.018753,11611191.00,244528581.00,1.21,59.92,0.1815,-0.5283,0.6857,BULL_MARKET
2025-08-12,0.004578,9791514.00,254320095.00,1.23,62.09,-0.0528,-0.5149,0.7334,BULL_MARKET
2025-08-13,-0.000146,8520490.00,245799605.00,1.22,61.45,-0.2130,-0.5173,0.7250,BULL_MARKET
2025-08-14,-0.017454,7551635.00,238247970.00,1.25,57.07,-0.3426,-0.5338,0.6660,BULL_MARKET
2025-08-15,0.027022,9455782.00,247703752.00,1.32,63.02,-0.1249,-0.4992,0.7895,BULL_MARKET
2025-08-18,0.028445,8408057.00,256111809.00,1.33,65.30,-0.2590,-0.4840,0.8438,BULL_MARKET
2025-08-19,-0.003858,9975164.00,246136645.00,1.38,60.46,-0.0799,-0.5024,0.7783,BULL_MARKET
2025-08-20,-0.024526,11452398.00,234684247.00,1.43,55.18,0.0885,-0.5243,0.6997,BULL_MARKET
2025-08-21,-0.008972,5170895.00,239855142.00,1.39,55.78,-0.7046,-0.5212,0.7109,BULL_MARKET
2025-08-22,0.028825,8729744.00,248584886.00,1.43,61.54,-0.2753,-0.4882,0.8288,BULL_MARKET
2025-08-25,0.018234,5575453.00,254160339.00,1.43,62.17,-0.6846,-0.4843,0.8428,BULL_MARKET
2025-08-26,0.009624,4203416.00,258363755.00,1.14,62.26,-0.8574,-0.4838,0.8447,BULL_MARKET
2025-08-27,0.009858,7028662.00,265392417.00,1.01,63.20,-0.5041,-0.4785,0.8634,BULL_MARKET
2025-08-28,-0.004446,5994451.00,259397966.00,1.00,60.23,-0.6432,-0.4882,0.8288,BULL_MARKET
2025-08-29,0.000074,6062825.00,265460791.00,0.97,60.71,-0.6467,-0.4859,0.8372,BULL_MARKET
2025-09-02,-0.029052,8282535.00,257178256.00,1.00,52.27,-0.3372,-0.5149,0.7334,BULL_MARKET
2025-09-03,-0.008091,6737380.00,263915636.00,1.05,53.77,-0.5334,-0.5086,0.7558,BULL_MARKET
2025-09-04,-0.006449,4385530.00,259530106.00,1.02,53.10,-0.8616,-0.5110,0.7474,BULL_MARKET
2025-09-05,0.002630,6638802.00,266168908.00,1.00,54.59,-0.4843,-0.5052,0.7680,BULL_MARKET
2025-09-08,-0.007492,5536872.00,260632036.00,0.97,51.92,-0.6344,-0.5139,0.7371,BULL_MARKET
2025-09-09,-0.000258,5189555.00,265821591.00,0.92,52.90,-0.6602,-0.5105,0.7493,BULL_MARKET
2025-09-10,0.004131,9302715.00,275124306.00,0.88,54.13,0.0025,-0.5063,0.7643,BULL_MARKET
2025-09-11,0.050058,10020112.00,285144418.00,1.00,65.66,0.1167,-0.4565,0.9420,BULL_MARKET
2025-09-12,0.015055,6513589.00,278630829.00,0.97,62.04,-0.4349,-0.4673,0.9036,BULL_MARKET
2025-09-15,0.008019,7706265.00,286337094.00,1.02,62.15,-0.2530,-0.4668,0.9055,BULL_MARKET
2025-09-16,0.004500,4898786.00,291235880.00,1.03,62.27,-0.6814,-0.4662,0.9074,BULL_MARKET
2025-09-17,0.007616,5582324.00,296818204.00,1.06,63.60,-0.5698,-0.4605,0.9280,BULL_MARKET
2025-09-18,0.015556,7693527.00,304511731.00,1.07,66.46,-0.2291,-0.4476,0.9738,BULL_MARKET
2025-09-19,0.016935,9065369.00,313577100.00,1.07,68.57,-0.0202,-0.4374,1.0103,BULL_MARKET
2025-09-22,0.022010,7678365.00,321255465.00,1.04,71.49,-0.2278,-0.4220,1.0655,BULL_MARKET
2025-09-23,-0.001143,5782530.00,315472935.00,0.98,65.59,-0.5235,-0.4359,1.0159,BULL_MARKET
2025-09-24,-0.023843,5142218.00,310330717.00,1.02,56.33,-0.6157,-0.4615,0.9242,BULL_MARKET
2025-09-25,-0.018281,4848559.00,305482158.00,1.02,54.14,-0.6395,-0.4683,0.8999,BULL_MARKET
2025-09-26,-0.003997,4296100.00,309778258.00,1.01,55.64,-0.6954,-0.4628,0.9196,BULL_MARKET
2025-09-29,0.010514,5354049.00,315132307.00,1.04,59.19,-0.5123,-0.4492,0.9682,BULL_MARKET
2025-09-30,-0.023350,7212926.00,307919381.00,1.05,49.58,-0.2046,-0.4798,0.8587,BULL_MARKET
2025-10-01,-0.007665,10593050.00,318512431.00,1.04,50.75,0.3259,-0.4757,0.8737,BULL_MARKET
2025-10-02,-0.024993,10387945.00,308124486.00,1.04,44.89,0.2927,-0.4974,0.7961,BULL_MARKET
2025-10-03,-0.009122,6079971.00,314204457.00,1.01,45.95,-0.3772,-0.4940,0.8082,BULL_MARKET
2025-10-06,0.011976,7990637.00,322195094.00,1.07,50.99,-0.0849,-0.4770,0.8690,BULL_MARKET
2025-10-07,0.005487,7180329.00,315014765.00,1.07,50.83,-0.2200,-0.4775,0.8672,BULL_MARKET
2025-10-08,-0.002039,17697516.00,297317249.00,1.14,49.28,1.3807,-0.4825,0.8494,BULL_MARKET
2025-10-09,0.013929,16003386.00,313320635.00,1.20,54.05,1.0743,-0.4668,0.9055,BULL_MARKET
2025-10-10,-0.043892,16851353.00,296469282.00,1.27,40.55,1.1627,-0.5183,0.7212,BEAR_MARKET
2025-10-13,-0.008805,6828559.00,303297841.00,1.27,44.28,-0.3557,-0.5055,0.7671,BEAR_MARKET
2025-10-14,0.003997,6693955.00,309991796.00,1.29,46.63,-0.3811,-0.4971,0.7970,BEAR_MARKET
2025-10-15,-0.014943,8723036.00,301268760.00,1.29,42.75,-0.0573,-0.5139,0.7371,BEAR_MARKET
2025-10-16,-0.016711,7342154.00,293926606.00,1.35,40.80,-0.2656,-0.5228,0.7053,BEAR_MARKET
2025-10-17,-0.019729,7074396.00,286852210.00,1.36,38.52,-0.3061,-0.5335,0.6670,BEAR_MARKET
2025-10-20,0.009940,7491913.00,294344123.00,1.33,44.39,-0.1347,-0.5147,0.7343,BEAR_MARKET
2025-10-21,0.028671,6348886.00,300693009.00,1.26,50.73,-0.4956,-0.4911,0.8185,BEAR_MARKET
2025-10-22,-0.011799,6740675.00,293952334.00,1.28,44.70,-0.3402,-0.5170,0.7259,BEAR_MARKET
2025-10-23,0.000563,4324146.00,298276480.00,1.28,46.36,-1.1358,-0.5107,0.7484,BEAR_MARKET
2025-10-24,0.002949,4213333.00,302489813.00,1.21,47.08,-1.1357,-0.5081,0.7577,BEAR_MARKET
2025-10-27,0.003599,5028926.00,307518739.00,1.17,47.68,-0.8274,-0.5060,0.7652,BEAR_MARKET
2025-10-28,-0.017652,4976735.00,302542004.00,1.07,42.95,-0.8171,-0.5249,0.6978,BEAR_MARKET
2025-10-29,-0.019968,6314813.00,296227191.00,1.01,40.55,-0.3459,-0.5353,0.6604,BEAR_MARKET
2025-10-30,-0.031276,9535846.00,286691345.00,0.91,36.48,0.7651,-0.5547,0.5912,BEAR_MARKET
2025-10-31,0.012369,7287520.00,293978865.00,0.94,44.43,-0.0192,-0.5291,0.6829,BEAR_MARKET
2025-11-03,-0.004206,7992873.00,285985992.00,0.91,42.28,0.2290,-0.5387,0.6483,BEAR_MARKET
2025-11-04,-0.028916,12028974.00,273957018.00,0.90,37.42,1.5433,-0.5628,0.5622,BEAR_MARKET
2025-11-05,0.074202,21702074.00,295659092.00,1.05,56.41,3.9304,-0.4780,0.8653,BEAR_RALLY
2025-11-06,0.027991,10203195.00,285455897.00,1.09,54.43,0.6571,-0.4874,0.8316,BEAR_RALLY
2025-11-07,0.012205,10661160.00,274794737.00,1.17,54.03,0.7575,-0.4893,0.8251,BEAR_RALLY
2025-11-10,0.015747,6494105.00,281288842.00,1.14,55.91,-0.4160,-0.4793,0.8606,BEAR_RALLY
2025-11-11,0.005606,6462418.00,274826424.00,1.12,55.34,-0.4140,-0.4817,0.8522,BEAR_RALLY
2025-11-12,0.019442,8111554.00,282937978.00,1.15,58.74,0.0414,-0.4641,0.9149,BEAR_RALLY
2025-11-13,-0.040603,8973641.00,273964337.00,1.26,47.36,0.2605,-0.4588,0.7315,BASE
2025-11-14,-0.022196,6885976.00,267078361.00,1.34,47.01,-0.3337,-0.3532,0.7250,BASE
2025-11-17,-0.043006,7031303.00,260047058.00,1.38,41.61,-0.3022,-0.3775,0.6183,BASE
2025-11-18,-0.020348,6593840.00,266640898.00,1.40,41.86,-0.4372,-0.3760,0.6221,BASE
2025-11-19,-0.023617,5041070.00,261599828.00,1.39,39.73,-0.8525,-0.3926,0.5790,BASE
2025-11-20,-0.029291,8681449.00,252918379.00,1.45,37.17,0.1927,-0.4135,0.5248,BEAR_MARKET
2025-11-21,0.014257,11605146.00,264523525.00,1.49,43.71,0.9907,-0.3786,0.6155,BEAR_MARKET
2025-11-24,0.013172,5299802.00,269823327.00,1.48,45.04,-0.7776,-0.3710,0.6352,BEAR_MARKET
2025-11-25,0.022076,6581306.00,276404633.00,1.33,48.49,-0.4288,-0.3512,0.6866,BEAR_MARKET
2025-11-26,0.014905,4460263.00,280864896.00,1.26,49.36,-1.0180,-0.3462,0.6997,BEAR_MARKET
2025-11-28,0.009649,2357718.00,283222614.00,1.15,49.88,-1.5419,-0.3433,0.7072,BEAR_MARKET
2025-12-01,-0.003741,4448743.00,278773871.00,1.15,47.83,-0.9340,-0.3544,0.6782,BEAR_MARKET
2025-12-02,-0.008605,4303258.00,274470613.00,1.13,46.24,-0.9465,-0.3631,0.6558,BEAR_MARKET
2025-12-03,0.015091,3825834.00,278296447.00,1.12,51.31,-1.0560,-0.3379,0.7212,BEAR_MARKET
2025-12-04,0.011605,3744929.00,282041376.00,0.99,52.35,-1.0632,-0.3325,0.7353,BEAR_MARKET
2025-12-05,0.019101,4025597.00,286066973.00,0.96,55.74,-0.9803,-0.3145,0.7820,BEAR_RALLY
2025-12-08,0.012951,3760678.00,289827651.00,0.90,56.60,-1.0448,-0.2880,0.7942,BEAR_RALLY
2025-12-09,0.008816,3676441.00,293504092.00,0.88,57.22,-1.0504,-0.2847,0.8026,BEAR_RALLY
2025-12-10,0.010597,5520909.00,299025001.00,0.89,58.92,-0.5556,-0.2665,0.8251,BEAR_RALLY
2025-12-11,0.005298,3806905.00,299025001.00,0.81,58.92,-0.9654,-0.2665,0.8251,BEAR_RALLY
2025-12-12,-0.022310,4687385.00,294337616.00,0.78,49.86,-0.7064,-0.3023,0.7362,BASE
2025-12-15,-0.040845,8165419.00,286172197.00,0.80,42.03,0.1906,-0.3425,0.6361,BASE
2025-12-16,-0.002177,5746977.00,291919174.00,0.78,47.43,-0.4287,-0.3180,0.6969,BASE
2025-12-17,-0.022201,4604334.00,287314840.00,0.80,42.51,-0.7096,-0.3462,0.6268,BASE
2025-12-18,0.002514,3674736.00,290989576.00,0.82,46.35,-0.9422,-0.3282,0.6717,BASE
2025-12-19,0.004603,4754087.00,295743663.00,0.80,47.29,-0.6172,-0.3237,0.6829,BASE
2025-12-22,0.011390,4070495.00,299814158.00,0.77,49.91,-0.8164,-0.3113,0.7138,BASE
2025-12-23,0.006513,3947495.00,303761653.00,0.73,50.16,-0.8318,-0.3102,0.7166,BASE
2025-12-24,0.023548,4890088.00,308651741.00,0.77,55.97,-0.5141,-0.2816,0.7877,BASE
2025-12-26,0.051735,10188171.00,318839912.00,0.83,65.14,1.1741,-0.2218,0.9364,BULL_MARKET
2025-12-29,0.018813,7899654.00,310940258.00,0.86,62.58,0.4387,-0.2327,0.9093,BULL_MARKET
2025-12-30,0.018871,8564422.00,319504680.00,0.89,64.59,0.6389,-0.2180,0.9457,BULL_MARKET
2025-12-31,-0.001501,5430622.00,314074058.00,0.89,60.54,-0.3442,-0.2350,0.9036,BULL_MARKET
2026-01-02,-0.011680,11178505.00,302895553.00,0.92,56.79,1.4217,-0.2515,0.8625,BULL_MARKET
2026-01-05,0.036513,13575219.00,316470772.00,0.99,65.89,2.0334,-0.1853,1.0271,BULL_MARKET
2026-01-06,0.065135,19659554.00,336130326.00,1.06,73.24,3.3220,-0.1053,1.2264,BULL_MARKET
2026-01-07,0.018938,9279320.00,326851006.00,1.07,68.47,0.5613,-0.1293,1.1665,BULL_MARKET
2026-01-08,0.019937,8466715.00,335317721.00,1.09,70.07,0.3291,-0.1109,1.2123,BULL_MARKET
2026-01-09,0.025579,10908168.00,346225889.00,1.13,72.39,0.9390,-0.0827,1.2825,BULL_MARKET
2026-01-12,0.010324,7022802.00,339203087.00,1.17,71.44,-0.0879,-0.0872,1.2713,BULL_MARKET
2026-01-13,-0.010951,7589452.00,331613635.00,1.24,65.48,0.0719,-0.1162,1.1993,BULL_MARKET
2026-01-14,-0.032120,10744507.00,320869128.00,1.34,57.31,0.8807,-0.1620,1.0851,BULL_MARKET
2026-01-15,-0.032245,8785191.00,312083937.00,1.35,53.16,0.3623,-0.1887,1.0187,BULL_MARKET
2026-01-16,-0.047682,13501856.00,298582081.00,1.33,46.42,1.5733,-0.2383,0.8952,BULL_MARKET
2026-01-20,-0.030049,11020215.00,287561866.00,1.35,45.25,1.1451,-0.2477,0.8718,BULL_MARKET
2026-01-21,-0.004149,10403949.00,297965815.00,1.35,47.75,0.9572,-0.2312,0.9130,BULL_MARKET
2026-01-22,0.026898,8048813.00,306014628.00,1.38,54.01,0.2671,-0.1853,1.0271,BULL_MARKET
2026-01-23,0.015292,8082675.00,314097303.00,1.36,54.39,0.2677,-0.1823,1.0346,BULL_MARKET
2026-01-26,-0.008236,6145842.00,307951461.00,1.28,50.51,-0.3188,-0.2079,0.9710,BULL_MARKET
2026-01-27,-0.029927,9830128.00,298121333.00,1.21,45.11,0.7854,-0.2477,0.8718,BULL_MARKET
2026-01-28,-0.007523,6306810.00,304428143.00,1.18,46.85,-0.2632,-0.2365,0.8999,BULL_MARKET
2026-01-29,-0.024881,9799965.00,294628178.00,1.20,42.78,0.7717,-0.2680,0.8213,BULL_CORRECTION
2026-01-30,-0.035835,8016947.00,286611231.00,1.18,38.92,0.2293,-0.3015,0.7381,BULL_CORRECTION
2026-02-02,-0.015234,6789668.00,293400899.00,1.17,39.58,-0.1410,-0.2977,0.7474,BULL_CORRECTION
2026-02-03,-0.033997,17422995.00,275977904.00,1.20,35.60,2.7545,-0.3338,0.6576,BULL_CORRECTION
2026-02-04,-0.026973,11106597.00,264871307.00,1.17,34.25,0.9780,-0.3470,0.6249,BEAR_MARKET
2026-02-05,-0.054564,12631011.00,252240296.00,1.20,29.53,1.3823,-0.3985,0.4967,BEAR_MARKET
2026-02-06,-0.000216,9586789.00,261827085.00,1.16,35.73,0.5272,-0.3650,0.5800,BEAR_MARKET
2026-02-09,0.002255,6936678.00,268763763.00,1.12,36.27,-0.2002,-0.3620,0.5875,BEAR_MARKET
2026-02-10,0.006986,5799157.00,274562920.00,1.11,37.69,-0.5218,-0.3545,0.6062,BEAR_MARKET
2026-02-11,-0.031482,9378982.00,265183938.00,1.13,33.09,0.4338,-0.3981,0.4977,BEAR_MARKET
2026-02-12,-0.048990,13195415.00,251988523.00,1.18,29.64,1.4393,-0.4368,0.4013,BEAR_MARKET
2026-02-13,-0.008725,6813814.00,258802337.00,1.19,33.14,-0.3493,-0.4188,0.4462,BEAR_MARKET
2026-02-17,-0.009237,5270639.00,253531698.00,1.13,32.60,-0.7963,-0.4244,0.4322,BEAR_MARKET
2026-02-18,0.012397,5973702.00,259505400.00,1.16,36.57,-0.6175,-0.4045,0.4818,BEAR_MARKET
2026-02-19,0.001123,5260729.00,254244671.00,1.10,35.88,-0.8342,-0.3834,0.4668,BEAR_MARKET
2026-02-20,0.020257,8661749.00,262906420.00,1.11,40.62,0.1186,-0.3450,0.5257,BEAR_MARKET
2026-02-23,-0.032402,10603312.00,252303108.00,1.17,34.78,0.6556,-0.3984,0.4013,BEAR_MARKET
2026-02-24,0.046459,19569780.00,271872888.00,1.18,47.10,2.9542,-0.3181,0.5884,BEAR_MARKET
2026-02-25,0.048213,16352312.00,288225200.00,1.19,51.40,1.9678,-0.2831,0.6698,BEAR_MARKET
2026-02-26,0.029955,11470735.00,299695935.00,1.14,52.41,0.6438,-0.2747,0.6894,BEAR_MARKET
2026-02-27,-0.016739,11023068.00,288672867.00,1.17,46.89,0.5078,-0.3193,0.5856,BEAR_MARKET
2026-03-02,0.004157,8226046.00,296898913.00,1.20,49.12,-0.2536,-0.3020,0.6258,BEAR_MARKET
2026-03-03,0.020714,9410473.00,306309386.00,1.27,52.43,0.0396,-0.2755,0.6876,BEAR_MARKET
2026-03-04,0.029925,9788159.00,316097545.00,1.22,55.81,0.1120,-0.2466,0.7549,BEAR_MARKET
2026-03-05,0.018944,7920053.00,324017598.00,1.16,56.51,-0.4350,-0.2406,0.7689,BEAR_MARKET
2026-03-06,0.007618,6712044.00,317305554.00,1.15,56.07,-0.8075,-0.2434,0.7624,BEAR_MARKET
2026-03-09,0.010138,7609903.00,324915457.00,1.19,57.30,-0.5826,-0.2337,0.7848,BEAR_MARKET
2026-03-10,-0.015255,6733462.00,318181995.00,1.21,52.29,-0.8637,-0.2643,0.7138,BEAR_MARKET
2026-03-11,-0.009815,5601525.00,312580470.00,1.24,51.78,-1.1597,-0.2675,0.7063,BEAR_MARKET
2026-03-12,-0.010143,4581072.00,307999398.00,1.22,50.51,-1.4154,-0.2751,0.6885,BEAR_MARKET
2026-03-13,-0.010923,4676423.00,303322975.00,1.15,49.08,-1.3408,-0.2835,0.6688,BEAR_MARKET
2026-03-16,-0.003503,4482535.00,307805510.00,1.03,49.59,-1.3813,-0.2807,0.6754,BEAR_MARKET
2026-03-17,0.001587,4505443.00,312310953.00,0.97,50.51,-1.3167,-0.2759,0.6866,BEAR_MARKET
2026-03-18,-0.022189,5416353.00,306894600.00,0.97,44.60,-1.0217,-0.3084,0.6109,BEAR_MARKET
2026-03-19,-0.010804,4152843.00,311047443.00,0.93,44.69,-1.3947,-0.3080,0.6118,BEAR_MARKET
2026-03-20,-0.013594,8029197.00,303018246.00,0.87,42.69,-0.2117,-0.3193,0.5856,BEAR_MARKET
2026-03-23,0.013720,5587415.00,308605661.00,0.80,48.93,-0.9263,-0.2908,0.6520,BEAR_MARKET
2026-03-24,-0.037831,9959205.00,298646456.00,0.85,39.16,0.3944,-0.3514,0.5108,BEAR_MARKET
2026-03-25,-0.012456,5224127.00,303870583.00,0.87,40.93,-1.0138,-0.3430,0.5304,BEAR_MARKET
2026-03-26,-0.014859,5382063.00,298488520.00,0.88,39.29,-0.9455,-0.3542,0.5042,BEAR_MARKET
2026-03-27,-0.057422,15513718.00,282974802.00,0.92,31.80,1.9579,-0.4157,0.3611,BEAR_MARKET
2026-03-30,-0.019855,8302423.00,291277225.00,0.87,34.10,-0.1012,-0.4052,0.3854,BEAR_MARKET
2026-03-31,0.026209,8398913.00,299676138.00,0.90,42.94,-0.0453,-0.3606,0.4892,BEAR_MARKET
2026-04-01,0.007101,4694410.00,294981728.00,0.90,41.91,-1.0815,-0.3683,0.4715,BEAR_MARKET
2026-04-02,0.005454,3908483.00,298890211.00,0.92,42.38,-1.2551,-0.3659,0.4771,BEAR_MARKET
2026-04-06,0.003360,2824108.00,301714319.00,0.92,42.55,-1.4998,-0.3651,0.4790,BEAR_MARKET
2026-04-07,-0.001174,3138278.00,298576041.00,0.91,41.95,-1.3581,-0.3687,0.4705,BEAR_MARKET
2026-04-08,-0.000587,6950359.00,298576041.00,0.95,41.95,-0.3185,-0.3687,0.4705,BEAR_MARKET
2026-04-09,-0.013181,9981701.00,288594340.00,0.98,39.14,0.5126,-0.3847,0.4331,BEAR_MARKET
2026-04-10,-0.030317,9809285.00,278785055.00,1.01,34.70,0.4463,-0.4133,0.3667,BEAR_MARKET
2026-04-13,0.018584,6426961.00,285212016.00,1.03,44.45,-0.4637,-0.3723,0.4621,BEAR_MARKET
2026-04-14,0.027202,10305095.00,295517111.00,0.99,49.04,0.5862,-0.3494,0.5154,BEAR_MARKET
2026-04-15,0.048468,7609488.00,303126599.00,1.01,56.89,-0.1558,-0.3024,0.6249,BEAR_RALLY
2026-04-16,0.025671,6178352.00,309304951.00,1.01,57.20,-0.5200,-0.3004,0.6296,BEAR_RALLY
2026-04-17,0.028656,8482065.00,317787016.00,0.96,60.55,0.1717,-0.2779,0.6819,BEAR_RALLY
2026-04-20,0.019033,5245052.00,323032068.00,0.97,61.54,-0.7519,-0.2711,0.6978,BEAR_RALLY
2026-04-21,0.000061,7154776.00,315877292.00,0.95,58.39,-0.1653,-0.2847,0.6660,BEAR_RALLY
2026-04-22,0.009761,4437965.00,320315257.00,0.94,60.62,-0.9584,-0.2707,0.6338,BEAR_RALLY
2026-04-23,-0.025483,8026998.00,312288259.00,0.98,51.54,0.0980,-0.3137,0.4242,BEAR_RALLY
2026-04-24,-0.000032,4198727.00,316486986.00,0.99,54.55,-1.0072,-0.2960,0.4488,BEAR_RALLY
2026-04-27,0.015707,8050531.00,324537517.00,1.02,58.13,0.1702,-0.2735,0.4950,BEAR_RALLY
2026-04-28,-0.001070,5721811.00,318815706.00,0.96,55.44,-0.5324,-0.2863,0.4686,BEAR_RALLY
2026-04-29,0.000589,6005812.00,324821518.00,0.92,55.72,-0.4515,-0.2847,0.4719,BEAR_RALLY
2026-04-30,0.017133,18135965.00,342957483.00,0.94,59.79,2.8971,-0.2602,0.5223,BEAR_RALLY
2026-05-01,0.013429,20947903.00,363905386.00,0.97,60.94,3.2084,-0.2530,0.5372,BEAR_RALLY
2026-05-04,0.002937,11973716.00,351931670.00,0.97,59.52,0.9522,-0.2586,0.5256,BEAR_RALLY
2026-05-05,-0.015333,8702201.00,343229469.00,0.92,53.67,0.1561,-0.2831,0.4752,BEAR_RALLY
2026-05-06,-0.025342,10310243.00,332919226.00,0.94,48.45,0.6532,-0.3080,0.4240,BEAR_RALLY
2026-05-07,-0.011222,6822243.00,339741469.00,0.91,48.88,-0.2485,-0.3060,0.4281,BEAR_RALLY
2026-05-08,-0.009679,6574629.00,333166840.00,0.91,47.68,-0.2944,-0.3116,0.4165,BASE
2026-05-11,-0.023564,9580138.00,323586702.00,0.89,42.60,0.5831,-0.3369,0.3645,BASE
2026-05-12,-0.019718,9088717.00,314497985.00,0.90,40.67,0.4350,-0.3474,0.3430,BASE
2026-05-13,-0.016363,7395021.00,307102964.00,0.83,39.13,-0.0436,-0.3558,0.3256,BASE
2026-05-14,0.008374,4892220.00,311995184.00,0.85,44.90,-0.7405,-0.3341,0.3702,BASE
2026-05-15,0.022252,6936104.00,318931288.00,0.87,50.61,-0.1424,-0.3096,0.4207,BASE
2026-05-18,0.066157,17243666.00,336174954.00,0.98,63.82,2.5878,-0.2293,0.5860,BULL_MARKET
2026-05-19,0.009334,12139660.00,324035294.00,1.06,56.57,1.1716,-0.2651,0.5124,BULL_MARKET
2026-05-20,0.005759,7241203.00,331276497.00,1.05,56.81,-0.1323,-0.2635,0.5157,BULL_MARKET
2026-05-21,-0.005090,5537953.00,325738544.00,0.99,54.48,-0.5845,-0.2751,0.4917,BULL_MARKET
2026-05-22,0.017545,5616712.00,331355256.00,0.98,59.09,-0.5713,-0.2454,0.5529,BULL_MARKET
2026-05-26,0.031149,8544353.00,339899609.00,1.00,63.69,0.1903,-0.2108,0.6240,BULL_MARKET
2026-05-27,0.010716,9333269.00,330566340.00,1.04,62.03,0.3786,-0.2185,0.6083,BULL_MARKET
2026-05-28,0.023524,9554922.00,340121262.00,1.08,65.68,0.4142,-0.1896,0.6678,BULL_MARKET
2026-05-29,0.074766,15449991.00,355571253.00,1.23,75.30,1.9006,-0.0807,0.8917,BULL_MARKET
2026-06-01,0.085852,20518594.00,376089847.00,1.38,80.39,2.9008,-0.0201,1.0843,BULL_MARKET
2026-06-02,0.043520,12989075.00,389078922.00,1.45,80.44,1.0386,-0.0270,1.0868,BULL_MARKET
2026-06-03,-0.019071,11317084.00,377761838.00,1.59,66.90,0.6109,-0.1033,0.9231,BULL_MARKET
2026-06-04,-0.012120,6891720.00,370870118.00,1.63,66.17,-0.4376,-0.1079,0.9132,BULL_MARKET
2026-06-05,-0.031082,9621467.00,361248651.00,1.66,59.60,0.1981,-0.1514,0.8198,BULL_MARKET
2026-06-08,-0.021480,5984626.00,355264025.00,1.56,58.17,-0.6856,-0.1615,0.7983,BULL_MARKET
2026-06-09,-0.026614,7897185.00,347366840.00,1.59,54.48,-0.1904,-0.1877,0.7421,BULL_MARKET
2026-06-10,-0.041356,4903321.00,342463519.00,1.61,48.85,-0.9111,-0.2320,0.6471,BULL_MARKET
2026-06-11,-0.017427,8414923.00,350878442.00,1.63,49.48,-0.0443,-0.2270,0.6579,BULL_MARKET
2026-06-12,-0.004989,9629610.00,360508052.00,1.64,50.25,0.2334,-0.2212,0.6702,BULL_MARKET
2026-06-15,-0.013500,9241672.00,351266380.00,1.63,47.95,0.1118,-0.2382,0.6339,BULL_MARKET
2026-06-16,-0.007763,8386396.00,342879984.00,1.59,47.73,-0.1357,-0.2397,0.6159,BULL_MARKET
2026-06-17,-0.036066,10523533.00,332356451.00,1.59,41.58,0.3875,-0.2871,0.4931,BULL_CORRECTION
2026-06-18,-0.007338,9938913.00,342295364.00,1.47,44.10,0.2177,-0.2717,0.5254,BULL_MARKET
2026-06-22,-0.015176,8276565.00,334018799.00,1.36,42.00,-0.2142,-0.2882,0.3443,BULL_CORRECTION
2026-06-23,0.019802,16273533.00,350292332.00,1.39,48.40,1.8098,-0.2482,0.4199,BULL_MARKET
2026-06-24,-0.007572,10303747.00,339988585.00,1.33,44.96,0.2608,-0.2740,0.3712,BULL_CORRECTION
2026-06-25,-0.029936,10117969.00,329870616.00,1.32,40.51,0.2140,-0.3110,0.3013,BULL_CORRECTION
2026-06-26,0.014884,12394740.00,342265356.00,1.29,46.98,0.7725,-0.2686,0.3814,BULL_CORRECTION
2026-06-29,0.026819,7746514.00,350011870.00,1.32,50.90,-0.4299,-0.2397,0.4360,BULL_MARKET
2026-06-30,0.012141,5043080.00,344968790.00,1.22,50.64,-1.0960,-0.2416,0.4323,BULL_MARKET
2026-07-01,0.034706,8384105.00,353352895.00,1.24,56.39,-0.2637,-0.1969,0.5167,BULL_MARKET